"Data Source","Indicadores del desarrollo mundial",

"Last Updated Date","2023-05-10",

"Country Name","Country Code","Indicator Name","Indicator Code","1960","1961","1962","1963","1964","1965","1966","1967","1968","1969","1970","1971","1972","1973","1974","1975","1976","1977","1978","1979","1980","1981","1982","1983","1984","1985","1986","1987","1988","1989","1990","1991","1992","1993","1994","1995","1996","1997","1998","1999","2000","2001","2002","2003","2004","2005","2006","2007","2008","2009","2010","2011","2012","2013","2014","2015","2016","2017","2018","2019","2020","2021","2022",
"Aruba","ABW","Médicos (por cada 1.000 personas)","SH.MED.PHYS.ZS","","","","","","","","","","","","","","","","","","","","","","","","","","","","","","","","","","","","1.12","","","","","","","","","","","","","","","","","","","","","","","","","","","",
"","AFE","Médicos (por cada 1.000 personas)","SH.MED.PHYS.ZS","","","","","","","","","","","","","","","","","","","","","","","","","","","","","","","0.160298794326942","","","","","","","","","","","","","","","","","","","","0.103359172473203","","","","","","","","0.229967326754284","","","","",
"Afganistán","AFG","Médicos (por cada 1.000 personas)","SH.MED.PHYS.ZS","0.035","","","","","0.063","","","","","0.065","","","","","","","","","","","0.077","","","","","0.183","0.179","","0.129","0.109","","","0.143","","","","0.11","","","","0.1899","","","","","0.1596","0.1743","0.1744","0.2126","0.2365","0.2518","0.2414","0.2846","0.2983","0.285","0.2782","0.2409","0.2966","0.2125","0.2538","","",
"","AFW","Médicos (por cada 1.000 personas)","SH.MED.PHYS.ZS","","","","","","","","","","","","","","","","","","","","","","","","","","","","","","","0.126751476237382","","","","","","","","","","0.192111568227834","","","","","","","","","","0.218449807529591","","","","","","","","0.238576264876857","","","","",
"Angola","AGO","Médicos (por cada 1.000 personas)","SH.MED.PHYS.ZS","0.067","","","","","0.076","","","","","0.116","","","","","","","","","","","","","","0.059","","","","","","0.042","","","","","","","0.0592","","","","","","","0.0621","","","","","0.1313","","","","","","","","0.2146","0.214","","","","",
"Albania","ALB","Médicos (por cada 1.000 personas)","SH.MED.PHYS.ZS","0.276","","","","","0.481","","","","","0.739","0.911","0.845","","","","","1.036","","","1.367","","","1.415","1.407","1.406","","","","","1.3743","1.4611","1.6217","1.4131","1.345","1.3634","1.3806","1.3885","1.3904","","1.3821","1.31","1.1695","1.1863","1.1913","","1.1838","1.1951","","1.2297","1.2347","1.2217","1.2683","1.2773","","","1.2164","","","1.6471","1.8754","","",
"Andorra","AND","Médicos (por cada 1.000 personas)","SH.MED.PHYS.ZS","","","","","","","","","","","","","","","","","","","","","","","","","","","","","","","","","","","","2.2379","","2.4572","2.5273","","2.5688","2.6003","2.9","3.3333","3.1324","3.2319","3.0123","3.0109","","3.1479","","","","","","3.3333","","","","","","","",
"El mundo árabe","ARB","Médicos (por cada 1.000 personas)","SH.MED.PHYS.ZS","","","","","","","","","","","","","","","","","","","","","","","","","","","","","","","0.719723211031383","","","","","","","","","","1.19478540248895","","","","","","","","","","","","","","","","","","1.13295807583905","","","","",
"Emiratos Árabes Unidos","ARE","Médicos (por cada 1.000 personas)","SH.MED.PHYS.ZS","","","","","","","","","","","0.909","","","","","","","","","","1.068","","","","0.953","","","","","","","","","","","","","","","","1.8015","1.9829","2.0027","2.0763","1.9176","1.5193","1.3298","1.4053","1.6405","1.5177","1.4195","1.4369","1.4767","1.7413","1.9953","2.2111","2.371","2.4356","2.5278","2.6011","","","",
"Argentina","ARG","Médicos (por cada 1.000 personas)","SH.MED.PHYS.ZS","1.351","","","","","1.667","","","","","1.892","","","","","1.869","","","","","","","","","2.683","2.705","2.984","","3.032","","2.68","","2.6484","","","","","","3.0169","","","3.2481","","","3.1857","","","","","","","","","3.9385","","3.99","4.0013","3.9901","","4.0685","4.0596","","",
"Armenia","ARM","Médicos (por cada 1.000 personas)","SH.MED.PHYS.ZS","","","","","","","","","","","","","","","","","","","","","","","","","","","","","","","0.747","0.7386","0.7415","0.7187","0.6956","0.686","0.6625","0.6533","0.673","0.6928","2.7007","2.6187","2.5633","2.4563","2.4604","2.5643","2.5897","2.6724","2.7432","2.7679","2.8419","2.8677","2.8968","2.9031","2.8928","2.9143","","","","","","","",
"Samoa Americana","ASM","Médicos (por cada 1.000 personas)","SH.MED.PHYS.ZS","","","","","","","","","","","","","","","","","","","","","","","","","0.772","","","","","","","","","","","","","","","0.781","","","","","","","","","","","","","","","","","","","","","","","",
"Antigua y Barbuda","ATG","Médicos (por cada 1.000 personas)","SH.MED.PHYS.ZS","0.294","","","","","","","","","","0.349","","","","","","","","","","","","","","","","","","","","0.76","0.919","","3.03","","0.76","1.141","","","0.1606","","","","","","","","1.7143","0.5269","","","","","","","","","2.7673","","","","","",
"Australia","AUS","Médicos (por cada 1.000 personas)","SH.MED.PHYS.ZS","","1.1","","","","","1.2","","","","","1.2","","","","","1.5","","","","","1.8","","","1.8","1.9","2","2.1","2.1","2.1","2.181","2.3473","2.3825","2.403","2.4386","2.4778","2.4056","2.4035","2.404","2.4483","2.4944","2.5732","2.5717","2.6406","2.7146","2.7794","2.8338","2.9954","3.0056","3.1085","3.3429","3.2878","3.2858","3.353","3.4314","3.4886","3.5672","3.6778","3.7595","3.8503","4.1292","","",
"Austria","AUT","Médicos (por cada 1.000 personas)","SH.MED.PHYS.ZS","1.2","1.4","1.4","1.4","1.4","1.4","1.4","1.4","1.4","1.4","1.4","1.4","1.4","1.4","1.4","1.5","1.5","1.5","1.5","1.6","","","","","","","","","","","2.9909","3.0813","3.2174","3.3018","3.4028","3.4932","3.5622","3.6383","3.7642","3.7613","3.8492","3.9616","4.0337","4.1173","4.2095","4.3355","4.4684","4.5528","4.6169","4.706","4.8016","4.8398","4.8859","4.9744","5.0359","5.1035","5.1234","5.1697","5.2114","5.2734","5.2933","","",
"Azerbaiyán","AZE","Médicos (por cada 1.000 personas)","SH.MED.PHYS.ZS","","","","","","","","","","","","","","","","","","","","","3.362","","","","","3.799","3.877","3.906","3.964","3.99","3.7959","3.8232","3.7711","3.8021","3.7507","3.7576","3.7171","3.643","3.5641","3.5367","3.5743","3.548","3.5618","3.5505","3.5568","3.5819","3.5649","3.7124","3.6844","3.6751","3.6629","3.4376","3.4901","3.4558","3.446","3.3731","3.3062","3.237","3.265","3.1678","","","",
"Burundi","BDI","Médicos (por cada 1.000 personas)","SH.MED.PHYS.ZS","0.01","","","","","0.017","","","","","0.017","","","","","0.012","","","","","","","","","0.047","","0.058","","","","0.058","0.059","","0.056","","0.055","","","","","0.052","","","","0.028","","","","","","0.0482","0.0399","0.0539","0.0581","0.0619","0.05","","0.1001","0.097","","0.0717","","",
"Bélgica","BEL","Médicos (por cada 1.000 personas)","SH.MED.PHYS.ZS","1.3","1.3","1.4","1.4","1.4","1.5","1.5","1.5","1.6","1.6","","1.5","1.6","1.7","1.8","1.9","1.9","2","2.1","2.2","2.3","2.4","2.5","2.8","2.7","2.8","2.9","3","3.1","3.2","3.2526","3.314","3.3805","3.4329","3.4941","3.526","3.5896","3.6631","3.7226","2.7929","2.8204","2.8397","2.8497","2.8454","2.8522","2.8521","2.8664","2.8855","2.9021","2.9078","2.9085","2.9219","2.9393","2.9585","2.9723","3.0138","3.0679","3.0709","3.1146","3.1495","","","",
"Benin","BEN","Médicos (por cada 1.000 personas)","SH.MED.PHYS.ZS","0.04","","","","","0.03","","","","","0.034","","","","","","","","","","0.059","0.059","","0.075","","0.073","","","","0.071","0.051","0.042","0.055","0.057","0.061","0.058","","","","","","","","","0.0401","","","","0.0623","","0.0558","0.0577","","","","","0.0481","","0.0791","0.0647","","","",
"Burkina Faso","BFA","Médicos (por cada 1.000 personas)","SH.MED.PHYS.ZS","0.011","","","","","0.014","","","","","0.01","","","","","","","","","","0.018","0.018","","0.018","","","0.004","","","0.029","","","","","","0.034","0.035","0.038","","","","0.04","","","0.0543","","","","0.0322","0.0446","0.0457","0.0386","0.0475","0.047","0.0487","0.0657","0.0645","0.0847","0.0853","0.094","","","",
"Bangladesh","BGD","Médicos (por cada 1.000 personas)","SH.MED.PHYS.ZS","","","","","","0.123","","","","","0.119","","","","","","","","","","0.12","","","","","0.154","0.144","","","","0.177","0.188","","","","0.201","","0.2","","","","0.2498","","0.2714","0.2809","0.3084","0.3167","0.3293","0.342","0.3544","0.3635","0.3839","0.4001","0.4218","0.4887","0.4858","0.4974","0.5433","0.5809","0.6367","0.6672","","",
"Bulgaria","BGR","Médicos (por cada 1.000 personas)","SH.MED.PHYS.ZS","1.405","","","","","1.667","","","","","1.863","1.896","1.985","2.042","2.102","2.152","2.205","2.258","2.321","2.408","2.46","2.484","2.588","2.688","2.759","2.865","2.953","3.022","","","3.2231","3.0524","3.1164","3.3182","3.315","3.4691","3.5687","3.4895","3.4993","","3.4416","3.4279","3.5199","3.6042","3.5387","3.6651","3.6805","3.68","3.6488","3.7401","3.7661","3.8467","3.8995","3.963","3.975","4.0332","","","4.2071","","","","",
"Bahrein","BHR","Médicos (por cada 1.000 personas)","SH.MED.PHYS.ZS","0.45","","","","","","","","","","0.429","","","","","","","","","","1.087","","","","","1.219","","","","","","1.315","","","","","","1","","","1.0202","1.0636","1.0774","1.0479","0.9677","1.0436","1.0142","1.0155","0.9896","0.9695","0.9493","0.9451","0.957","0.9536","0.9573","0.9257","","","","","","","",
"Bahamas","BHS","Médicos (por cada 1.000 personas)","SH.MED.PHYS.ZS","0.496","","","","","","","","","","0.76","","","","","","","","","","0.938","","","","0.943","","","","","","1.29","","","1.446","","1.49","1.518","","1.0736","","","","","","","","","","2.7553","","","2.3081","","","","","","1.9387","","","","","",
"Bosnia y Herzegovina","BIH","Médicos (por cada 1.000 personas)","SH.MED.PHYS.ZS","","","","","","","","","","","","","","","","","","","","","1.033","1.089","1.17","1.207","1.28","1.362","1.419","1.485","","","1.5755","1.6083","","","","","","","","","1.4547","1.4499","1.4478","1.4776","1.509","1.5332","1.5754","1.6429","1.6714","1.738","1.7987","1.8794","1.949","2.0355","2.1326","2.1616","","","","","","","",
"Belarús","BLR","Médicos (por cada 1.000 personas)","SH.MED.PHYS.ZS","","","","","","","","","","","","","","","","","","","","","","","","","","","","","","","2.9109","2.8961","2.9409","2.9571","3.0191","3.0496","3.1175","3.161","3.226","3.2903","3.2998","","","","","","","","","","","4.7611","4.8352","4.8534","5.012","5.1905","4.3954","4.4484","4.4987","4.5382","","","",
"Belice","BLZ","Médicos (por cada 1.000 personas)","SH.MED.PHYS.ZS","0.242","","","","","","","","","","0.342","","","","","","","","","","","","","","0.272","","0.451","","0.472","","0.639","","","0.493","","0.6","0.548","","","","1.015","","","","","","","","","0.7658","","","1.145","","","","","1.1229","1.078","","","","",
"Bermudas","BMU","Médicos (por cada 1.000 personas)","SH.MED.PHYS.ZS","","","","","","","","","","","","","","","","","","","","","","","","","","","","","","","","","","","","1.2","","1.766","","","","","","","","","","","","","","","","","","","","","","","","","",
"Bolivia","BOL","Médicos (por cada 1.000 personas)","SH.MED.PHYS.ZS","0.267","","","","","0.311","","","","","0.509","","","","","0.49","","","","","","0.523","","","0.697","","","","","","0.45","","","0.426","","0.34","","","","","","1.2038","","","","","","0.3316","","","0.4385","0.4671","","","","","1.5901","1.0299","","","","","",
"Brasil","BRA","Médicos (por cada 1.000 personas)","SH.MED.PHYS.ZS","0.374","","","","","0.4","","","","","0.492","","","","","0.624","","","","","","0.767","","","0.927","1.467","","","1.185","","1.0864","","1.1399","1.1672","1.1952","1.225","1.2555","1.291","1.2759","1.3734","","","","","","","","","","","","1.8491","","1.882","","","","2.1652","","2.3106","","","",
"Barbados","BRB","Médicos (por cada 1.000 personas)","SH.MED.PHYS.ZS","0.329","","","","","","","","","","0.523","","","","","","","","","","","","","","0.891","","","","","","1.14","","","1.254","","1.3459","","","","","1.3444","1.5413","","","","1.7698","","","","","","","","","","","","2.4878","","","","","",
"Brunei Darussalam","BRN","Médicos (por cada 1.000 personas)","SH.MED.PHYS.ZS","","","","","","","","","","","0.3","","","","","","","","","","0.435","0.487","","","0.534","","","","","","","0.746","","","","","0.848","","","","1.0084","","1.1534","","1.2883","1.0682","1.0775","1.048","1.4866","1.1592","1.4488","1.5443","1.4937","1.6222","1.5105","1.7812","","1.609","","","","","",
"Bhután","BTN","Médicos (por cada 1.000 personas)","SH.MED.PHYS.ZS","","","","","","","","","","","","","","","","","","","","","","0.125","0.102","","","","","","","","0.333","","","","0.17","0.16","","","","0.051","","","","","0.1847","","","0.2166","0.2546","","","","0.2765","0.2858","0.3393","0.3448","0.4059","0.4024","0.4242","0.46","0.499","","",
"Botswana","BWA","Médicos (por cada 1.000 personas)","SH.MED.PHYS.ZS","0.042","","","","","0.036","","","","","0.064","","","","","0.133","","","","","0.123","0.134","","0.144","","","","","0.2","0.194","","","","0.194","0.238","","","","0.2691","0.3148","0.3037","0.3045","0.3144","0.3033","0.405","0.259","0.3219","0.378","0.3738","0.3547","0.4122","0.4064","0.4015","","","","0.3843","","0.3784","","","","",
"República Centroafricana","CAF","Médicos (por cada 1.000 personas)","SH.MED.PHYS.ZS","0.02","","","","","0.03","","","","","0.023","","","","","","","","","","0.043","0.044","0.043","","","","","","","0.039","0.038","","","0.055","","0.035","","","","","","","","","0.0836","","","","0.0405","0.0473","","","","","","0.0721","","","0.0718","","","","",
"Canadá","CAN","Médicos (por cada 1.000 personas)","SH.MED.PHYS.ZS","","1.1","1.2","1.3","1.3","1.3","1.3","1.3","1.3","1.4","1.4","1.5","1.6","1.6","1.6","1.7","1.7","1.7","1.8","1.8","1.8","1.8","1.9","1.9","1.9","2","2","2.1","2.1","2.1","2.1","2.1","2.1","2.2","2.1","2.1","2.1","2.1","1.8611","2.1","","1.8871","1.8969","","1.8971","","1.9086","","1.959","","2.0384","","2.3962","2.4509","2.4961","2.5388","2.3105","2.6102","2.4251","2.4425","","","",
"Europa Central y del Báltico","CEB","Médicos (por cada 1.000 personas)","SH.MED.PHYS.ZS","","","","","","","","","","","","","","","","","","","","","","","","","","","","","","","2.45086899885978","","","","","","","","","","2.52597968279105","","","","","","","","","","2.73073351522987","","","","","","","","3.13086799242364","","","","",
"Suiza","CHE","Médicos (por cada 1.000 personas)","SH.MED.PHYS.ZS","1.4","1.4","1.4","1.4","1.4","1.4","1.4","1.4","1.4","1.5","1.5","1.6","1.6","1.7","1.8","1.9","2","2.1","2.2","2.4","2.5","2.6","2.6","2.6","2.6","2.7","2.8","2.9","3","2.9","3.0107","3.0651","3.0482","3.0919","3.1402","3.1842","3.2279","3.2742","3.3389","3.3768","3.5298","3.5373","3.59","3.6905","3.7264","3.7623","3.8003","3.7918","3.8298","3.8476","3.8166","3.8355","3.9102","4.0303","4.1171","4.1898","4.2473","4.2957","4.3328","4.3416","4.3804","","",
"Islas del Canal","CHI","Médicos (por cada 1.000 personas)","SH.MED.PHYS.ZS","1.019","","","","","","","","","","1.2","","","","","","","","","","1.457","1.522","","","","","","","","","","","","","","","","","","","","","","","","","","","","","","","","","","","","","","","","","",
"Chile","CHL","Médicos (por cada 1.000 personas)","SH.MED.PHYS.ZS","0.559","","","","","0.473","","","","","0.463","","","","","","","","","0.516","","","","","0.817","","","","","","1.1","1.066","0.9949","","","","","","","","","","0.8921","0.9466","0.9842","0.9804","1.0404","1.0365","1.0389","1.0294","1.4333","1.5854","1.7471","1.8806","2.0278","2.147","2.2937","2.4411","2.5912","2.6614","2.8351","","",
"China","CHN","Médicos (por cada 1.000 personas)","SH.MED.PHYS.ZS","","","","","","1.07","0.96","0.94","0.91","0.88","0.86","0.85","0.86","0.89","0.92","0.96","1","1.03","","1.12","","1.25","1.3","1.32","1.33","","1.35","1.37","1.47","1.54","1.1015","","","","","1.1664","1.1725","1.1865","1.1839","1.212","1.2356","1.2535","1.1134","1.16","1.1895","1.2127","1.247","1.2676","1.3166","1.3922","1.4334","1.4596","1.5367","1.6332","1.6877","1.7732","1.8647","1.9798","2.0969","2.2266","","","",
"Côte d'Ivoire","CIV","Médicos (por cada 1.000 personas)","SH.MED.PHYS.ZS","0.033","","","","","0.048","","","","","0.064","","","","","","","","","","","","","","","0.071","","","","","0.088","","","","","","0.09","","","","","","","","0.1158","0.0925","","","0.1401","","","0.1531","","","0.2314","","","","0.3848","0.1623","","","",
"Camerún","CMR","Médicos (por cada 1.000 personas)","SH.MED.PHYS.ZS","0.034","","","","","0.037","","","","","0.034","","","","","0.072","","","","0.071","","","","","","","","","","0.084","0.082","","0.084","0.073","","","0.074","","","","","","","","0.181","0.0592","","0.0704","","0.068","0.0842","0.0881","","","","","","","0.1292","","","","",
"Congo, República Democrática del","COD","Médicos (por cada 1.000 personas)","SH.MED.PHYS.ZS","0.015","","","","","0.028","","","","","0.035","","","","","0.036","","","","0.073","","","","","","","","0.075","","","0.066","","","","","","0.069","","","","","","","","0.107","","","","","0.0934","","","","0.0899","","","","","0.3752","","","","",
"Congo, República del","COG","Médicos (por cada 1.000 personas)","SH.MED.PHYS.ZS","0.06","","","","","0.068","","","","","0.101","","","","","","","","0.174","","","","0.119","","","0.252","0.252","","","","0.276","","","","","0.251","","","0.7301","","","","","","0.2154","","0.2088","0.1035","","","0.1156","0.1645","","","","","0.1064","","0.1037","","","","",
"Colombia","COL","Médicos (por cada 1.000 personas)","SH.MED.PHYS.ZS","0.354","","","","","0.377","","","","","0.42","","","","","","","0.478","","","","","","","","","","","","","0.7906","0.8463","0.9039","0.9448","0.9904","1.0363","1.0765","1.1197","1.1672","1.2052","1.2467","1.2721","1.3031","1.3338","1.3731","1.4146","1.4521","1.494","1.545","1.5999","1.6493","1.713","1.774","1.8431","1.918","1.9742","2.0335","2.1064","2.1848","2.2522","2.327","","",
"Comoras","COM","Médicos (por cada 1.000 personas)","SH.MED.PHYS.ZS","","","","","","","","","","","","","","","","","","","","","","","","","0.084","","","","0.163","","0.113","","0.127","","","","","0.074","","","","","","","0.1926","0.1897","","","","0.1901","","","0.1699","","","","","","0.2643","","","","",
"Cabo Verde","CPV","Médicos (por cada 1.000 personas)","SH.MED.PHYS.ZS","0.077","","","","","","","","","","0.082","","","","","","","","","","0.176","","","0.2","","","0.329","","0.342","","","","0.234","","","","0.171","","","","","","","","0.493","","","","","0.5157","0.5928","0.5853","0.5146","0.6019","","0.7814","0.7682","","0.8312","","","","",
"Costa Rica","CRI","Médicos (por cada 1.000 personas)","SH.MED.PHYS.ZS","0.391","","","","","0.517","","","","","0.614","","","","","","","","","0.679","","","","","0.99","","","0.968","0.881","","1.26","","","0.883","0.845","0.854","0.864","0.872","0.901","1.719","1.3133","","","","","","2.0415","2.0905","2.1577","2.2178","2.3057","2.3721","2.4578","2.5421","2.6434","2.7318","2.8443","2.9533","2.8939","","3.3005","","",
"Estados pequeos del Caribe","CSS","Médicos (por cada 1.000 personas)","SH.MED.PHYS.ZS","","","","","","","","","","","","","","","","","","","","","","","","","","","","","","","0.616108439350289","","","","","","","","","","","","","","","","","","","","0.911677956433706","","","","","","","","1.71417608441668","","","","",
"Cuba","CUB","Médicos (por cada 1.000 personas)","SH.MED.PHYS.ZS","0.946","","","","","0.876","","","","","0.822","","","","","","","","","","","1.388","","","1.886","","","","3","","3.651","3.9944","4.3646","4.7311","4.9882","5.22","5.4966","5.6984","5.7509","5.8516","5.9316","5.9406","5.9894","6.0572","6.1965","6.2686","6.3483","6.4363","6.6345","6.6698","6.8152","6.9969","7.2901","7.4183","7.5673","7.769","7.9541","8.295","8.4199","","","","",
"Curacao","CUW","Médicos (por cada 1.000 personas)","SH.MED.PHYS.ZS","","","","","","","","","","","","","","","","","","","","","","","","","","","","","","","","","","","","","","","","","","","","","","","","","","","","","","","","","","","","","","","",
"Islas Caimán","CYM","Médicos (por cada 1.000 personas)","SH.MED.PHYS.ZS","","","","","","","","","","","","","","","","","","","","","","","","","","","","","","","1.7","","","","","1.7","","1.939","","","","","","","","","","","","","","","","","","","","","","","","","",
"Chipre","CYP","Médicos (por cada 1.000 personas)","SH.MED.PHYS.ZS","","","","","","","","","","","","","","","","","","","","","","","","","","","","","","","1.5627","1.6154","1.7087","1.7599","1.8253","1.8787","1.8834","1.8907","1.8939","","1.9082","1.915","1.8782","1.8619","1.9121","1.8965","1.8374","2.0147","2.0507","2.1064","2.1562","2.2484","2.296","2.4076","2.4993","2.6236","1.9509","2.8185","2.9799","3.1437","","","",
"República Checa","CZE","Médicos (por cada 1.000 personas)","SH.MED.PHYS.ZS","","","","","","","","","","","1.8","1.9","1.9","1.9","2","2","2.1","2.1","2.1","2.2","","","","","","","","","","","2.7112","2.6652","2.6702","2.8564","2.925","2.9872","2.9742","3.1016","3.0215","3.0712","3.3631","3.4293","3.487","3.512","3.5067","3.5465","3.5534","3.5544","3.5415","3.5612","3.5743","3.6125","3.6502","3.6628","3.9345","3.9516","4.0194","4.0676","4.024","4.0601","4.1533","","",
"Alemania","DEU","Médicos (por cada 1.000 personas)","SH.MED.PHYS.ZS","","","","","","","","","","","","","","","","","","","","","","","","","","","","","","","","2.7732","2.8498","2.9418","3.0112","3.0745","3.123","3.1407","3.1871","3.224","3.2785","3.329","3.36","3.3896","3.4104","3.4314","3.4748","3.5287","3.5863","3.6638","3.7567","3.8491","3.9197","4.0087","4.0846","4.1342","4.1944","4.2488","4.2996","4.3716","4.4348","","",
"Djibouti","DJI","Médicos (por cada 1.000 personas)","SH.MED.PHYS.ZS","0.157","","","","","","","","","","0.284","","","","","","","","","","","0.224","","","0.238","","","","","","0.162","","","","","0.191","0.14","","","0.1329","","","","","0.1672","0.1788","0.2328","","","","","","","","0.2237","","","","","","","","",
"Dominica","DMA","Médicos (por cada 1.000 personas)","SH.MED.PHYS.ZS","0.133","","","","","","","","","","0.161","","","","","","","","","","","","","","0.339","","","","","","0.46","0.528","","","","0.47","0.493","0.5382","","","","1.7791","","","","","","","","","","","","","","","","1.1189","1.1034","","","","",
"Dinamarca","DNK","Médicos (por cada 1.000 personas)","SH.MED.PHYS.ZS","","","","","","","","","","","","","","","","","","","","","","","","","","","","","","","2.4952","2.4309","2.5974","2.6145","2.6406","2.6827","2.7036","2.78","2.8571","2.8829","2.9119","2.9333","3.0383","3.083","3.2276","3.3333","3.4192","3.4527","3.5768","3.6488","3.7211","3.7808","3.8243","3.8335","3.8632","3.9257","4.0099","4.1324","4.2247","","","","",
"República Dominicana","DOM","Médicos (por cada 1.000 personas)","SH.MED.PHYS.ZS","0.121","","","","","0.588","","","","","","","","","","0.435","","","","","","","","","0.564","","","","1.074","","1.49","","","1.054","","1.5","","2.156","","","1.8498","","","","","","","","1.098","","","1.5268","","","","","","","1.41","1.4518","","","",
"Argelia","DZA","Médicos (por cada 1.000 personas)","SH.MED.PHYS.ZS","0.173","","","","","0.116","","","","","0.123","","","","","","","","","0.38","","","","","0.427","","","","0.429","","0.942","","","0.821","","0.846","","","1","","","","1.1103","","","1.0242","","1.1958","","","","","","","","","1.8325","","1.7193","","","","",
"Asia oriental y el Pacífico (excluido altos ingresos)","EAP","Médicos (por cada 1.000 personas)","SH.MED.PHYS.ZS","","","","","","","","","","","","","","","","","","","","","","","","","","","","","","","0.849370895729449","","","","","","","","","","1.11202863654663","","","","","","","","","","1.17730107592686","","","","","","","","1.78945832385811","","","","",
"inicial del dividendo demográfico","EAR","Médicos (por cada 1.000 personas)","SH.MED.PHYS.ZS","","","","","","","","","","","","","","","","","","","","","","","","","","","","","","","0.866173014681777","","","","","","","","","","","","","","","","","","","","","","","","","","","","0.982893367906529","","","","",
"Asia oriental y el Pacífico","EAS","Médicos (por cada 1.000 personas)","SH.MED.PHYS.ZS","","","","","","","","","","","","","","","","","","","","","","","","","","","","","","","0.921499859446185","","","","","","","","","","1.19238879997446","","","","","","","","","","1.2822813945097","","","","","","","","1.87367731973773","","","","",
"Europa y Asia central (excluido altos ingresos)","ECA","Médicos (por cada 1.000 personas)","SH.MED.PHYS.ZS","","","","","","","","","","","","","","","","","","","","","","","","","","","","","","","3.5785258422578","","","","","","","","","","3.36271277777876","","","","","","","","","","3.56501799856502","","","","","","","","3.07327441771063","","","","",
"Europa y Asia central","ECS","Médicos (por cada 1.000 personas)","SH.MED.PHYS.ZS","","","","","","","","","","","","","","","","","","","","","","","","","","","","","","","3.20573927095808","","","","","","","","","","3.11874456187478","","","","","","","","","","3.4613528549952","","","","","","","","3.49554974091514","","","","",
"Ecuador","ECU","Médicos (por cada 1.000 personas)","SH.MED.PHYS.ZS","0.396","","","","","0.335","","","","","0.348","","","","","0.351","","0.637","","","","","","","","","","","","","0.9564","1.1654","1.1994","1.1083","1.2733","1.2458","1.3149","1.3275","1.313","1.3724","1.4459","1.5439","1.5667","1.4974","","","","","","1.5983","2.1111","1.6582","","","","2.0648","2.0368","2.22","","","","","",
"Egipto, República Árabe de","EGY","Médicos (por cada 1.000 personas)","SH.MED.PHYS.ZS","0.391","","","","","0.435","","","","","0.527","","","","","0.536","","","","","1.065","1.364","1.365","","","","1.304","","","","0.76","","","","1.84","","2.02","1.6","","","2.118","","","0.5285","","","","","","","","","","","0.7876","0.8217","0.8214","0.7993","0.769","0.7463","","","",
"Zona del Euro","EMU","Médicos (por cada 1.000 personas)","SH.MED.PHYS.ZS","","","","","","","","","","","","","","","","","","","","","","","","","","","","","","","3.36441229053263","","","","","","","","","","3.25038653962098","","","","","","","","","","3.69419644129062","","","","","","","","4.12492903915692","","","","",
"Eritrea","ERI","Médicos (por cada 1.000 personas)","SH.MED.PHYS.ZS","","","","","","","","","","","","","","","","","","","","","","","","","","","","","","","","","","0.019","","","0.03","","","","0.0436","0.04","0.0532","0.04","0.0522","0.0432","0.0463","0.0414","0.0411","0.041","0.0407","0.0423","0.0471","0.0524","0.0616","0.0634","0.0669","0.0656","0.0811","0.0709","0.0821","","",
"España","ESP","Médicos (por cada 1.000 personas)","SH.MED.PHYS.ZS","","","","","","","","","","","","","","","","","","","","","","","","","","","","","","","","3.901","3.9608","4.0292","4.087","4.088","2.7462","2.8691","2.9244","3.0454","3.1158","3.1002","3.0932","3.1928","3.4135","3.5159","3.598","3.5447","3.536","3.5807","3.7296","3.8074","3.7999","3.7857","3.7767","3.8267","3.8112","3.8723","4.0299","4.4411","","","",
"Estonia","EST","Médicos (por cada 1.000 personas)","SH.MED.PHYS.ZS","","","","","","","","","","","","","","","","","","","","","2.938","","","","","3.35","3.408","3.484","","","3.5127","3.5654","3.2904","3.2202","3.2119","3.1996","3.1438","3.2156","2.9565","2.9919","2.9376","2.7757","2.9573","2.9915","3.0214","3.1401","3.1762","3.2508","3.3348","3.2767","3.2422","3.2929","3.2822","3.3318","3.3564","3.4152","3.4546","3.4629","3.481","3.4724","","","",
"Etiopía","ETH","Médicos (por cada 1.000 personas)","SH.MED.PHYS.ZS","0.009","","","","","0.014","","","","","0.012","","","","","0.012","","","","","0.011","0.011","","","0.013","","","","0.031","","","","","","0.029","","0.025","0.023","0.021","0.02","0.021","0.028","0.029","0.0268","0.0269","0.0321","0.0269","0.0224","0.0251","0.0252","","","","","","","","","0.0769","","0.1059","","",
"Unión Europea","EUU","Médicos (por cada 1.000 personas)","SH.MED.PHYS.ZS","","","","","","","","","","","","","","","","","","","","","","","","","","","","","","","3.11803159274301","","","","","","","","","","3.06401135615345","","","","","","","","","","3.48179053437363","","","","","","","","3.91722567656948","","","","",
"Frágiles y situaciones de conflicto afectados","FCS","Médicos (por cada 1.000 personas)","SH.MED.PHYS.ZS","","","","","","","","","","","","","","","","","","","","","","","","","","","","","","","0.714172910902058","","","","","","","","","","0.62116482664285","","","","","","","","","","0.51137158394697","","","","","","","","0.531037608797687","","","","",
"Finlandia","FIN","Médicos (por cada 1.000 personas)","SH.MED.PHYS.ZS","","","","","","","","","","","","","","","","","","","","","","","","","","","","","","","2.8922","2.982","3.055","3.1301","3.2071","2.1866","2.255","2.2899","2.3156","2.3959","2.4934","2.4936","2.5206","2.5569","2.5835","2.9913","3.0262","3.0351","3.0618","3.0861","3.2653","3.2635","3.2854","3.2966","3.3922","3.3309","4.5343","4.5885","4.6404","","","","",
"Fiji","FJI","Médicos (por cada 1.000 personas)","SH.MED.PHYS.ZS","0.495","","","","","","","","","","0.471","","","","","0.476","","","","","0.448","","0.494","","","","","","","0.358","","","0.472","","0.376","","","0.476","0.357","0.3361","","","","0.4656","","","","","0.3986","0.4358","","","","0.8156","","0.86","","","","","","","",
"Francia","FRA","Médicos (por cada 1.000 personas)","SH.MED.PHYS.ZS","","","","","","","","","","","1.2","1.3","1.3","1.4","1.4","1.5","1.5","1.6","1.7","1.8","1.9","2","2.1","2.1","2.5","2.7","2.8","2.8","2.9","3","3.1043","3.1557","3.2066","3.233","3.266","3.2852","3.3038","3.3215","3.3337","3.3345","3.3547","3.3871","3.4105","3.4238","3.4395","3.441","3.4357","3.4189","3.4156","3.3693","3.3736","3.1491","3.1636","3.1811","3.1941","3.2071","3.2206","3.2392","3.24","3.2735","","","",
"Islas Feroe","FRO","Médicos (por cada 1.000 personas)","SH.MED.PHYS.ZS","","","","","","","","","","","","","","","","","","","","","","","","","","","","","","","","","","","","","","","","","","","","","","","","","","","","","","","","","","","","","","","",
"Micronesia (Estados Federados de)","FSM","Médicos (por cada 1.000 personas)","SH.MED.PHYS.ZS","","","","","","","","","","","","","","","","","","","","","","","","","","","","","","","","","","0.451","","","","","","0.573","0.5959","","","0.5613","","0.5844","","","0.6184","0.1942","","","","","","","","","","","0.9391","","",
"Gabón","GAB","Médicos (por cada 1.000 personas)","SH.MED.PHYS.ZS","0.117","","","","","","","","","","0.191","","","","","","","","","","","0.457","","0.433","","0.518","","","0.246","0.494","","0.1937","","0.2185","0.262","0.2959","","","","","","","","","0.2918","","","","0.0968","","","","","","","","0.3561","0.6819","0.6455","","","","",
"Reino Unido","GBR","Médicos (por cada 1.000 personas)","SH.MED.PHYS.ZS","0.8","0.9","0.9","0.9","0.9","0.9","0.9","0.9","0.9","0.9","0.9","1","1","1.1","1.1","1.1","1.2","1.2","1.2","1.3","","","","","","","","","","","1.6204","1.6349","1.648","1.6849","1.6984","1.7573","1.797","1.8528","1.8963","1.9106","1.9913","2.0416","2.1146","2.204","2.3357","2.412","2.459","2.4844","2.5543","2.6279","2.6265","2.6603","2.6667","2.6774","2.7149","2.7465","2.7563","2.7828","2.8044","2.9093","3.0037","","",
"Georgia","GEO","Médicos (por cada 1.000 personas)","SH.MED.PHYS.ZS","","","","","","","","","","","3.2","3.3","3.32","3.4","3.475","3.63","3.72","3.81","3.95","4","4.123","4.212","4.319","4.333","4.471","4.611","4.699","4.808","4.868","4.971","4.926","4.898","4.726","5.003","4.899","4.792","3.0644","3.6517","3.8036","3.8719","3.8371","3.7156","3.8069","3.8267","3.8009","3.8164","3.8683","3.9027","4.0001","4.2219","4.4466","4.5004","4.4868","4.5145","4.7754","5.0055","5.9973","6.1297","7.1201","7.0784","5.1085","","",
"Ghana","GHA","Médicos (por cada 1.000 personas)","SH.MED.PHYS.ZS","0.047","","","","","0.073","","","","","0.078","","","","","0.078","","","","","","","","","0.067","","","0.049","","0.043","","","","","","","0.062","","","","","","0.09","","0.1523","","","0.0725","0.0787","0.0841","0.0938","0.0979","0.0956","0.1026","0.1108","0.1172","0.127","0.092","0.148","0.1064","0.1701","","",
"Gibraltar","GIB","Médicos (por cada 1.000 personas)","SH.MED.PHYS.ZS","","","","","","","","","","","","","","","","","","","","","","","","","","","","","","","","","","","","","","","","","","","","","","","","","","","","","","","","","","","","","","","",
"Guinea","GIN","Médicos (por cada 1.000 personas)","SH.MED.PHYS.ZS","0.036","","","","","0.022","","","","","0.02","","","","","","","","","","","0.022","0.022","","","0.026","","","","","0.134","","","","0.152","0.13","","","","","0.0927","","","","0.1106","0.1032","","","","","","","","","0.1654","0.0855","0.0832","","0.2245","","","","",
"Gambia","GMB","Médicos (por cada 1.000 personas)","SH.MED.PHYS.ZS","0.043","","","","","","","","","","0.041","","","","","0.04","","","","","","","","","","0.081","","","","","","","","0.016","","","","0.035","","","","","","0.1076","0.1109","0.1075","0.11","0.097","0.1036","","","","","","","0.1021","","0.1138","0.1307","0.1073","0.0823","","",
"Guinea-Bissau","GNB","Médicos (por cada 1.000 personas)","SH.MED.PHYS.ZS","0.045","","","","","","","","","","0.052","","","","","","","","","","0.141","","","","","0.144","","","","","","","","","0.177","","0.166","","","","","","","","0.1431","","","","0.0539","0.0836","","0.064","","","","0.2038","0.1274","","0.1697","","0.1956","","",
"Guinea Ecuatorial","GNQ","Médicos (por cada 1.000 personas)","SH.MED.PHYS.ZS","0.167","","","","","","","","","","0.086","","","","","","","","","","","","","","","","","","","","0.281","","","","","0.208","0.246","","","","","","","","0.2134","","","","","","","","","","","","","0.4017","","","","","",
"Grecia","GRC","Médicos (por cada 1.000 personas)","SH.MED.PHYS.ZS","1.3","1.2","1.3","1.3","1.4","1.4","1.4","1.5","1.5","1.6","1.6","1.7","1.7","1.9","2","2","2.1","2.2","2.3","2.3","2.4","2.5","2.6","2.8","2.9","2.9","3.1","3.3","","","3.3577","3.61","3.7176","3.8083","3.8034","3.8342","3.8322","3.9455","4.0795","4.1825","","","","","","4.9494","5.3284","5.594","5.7285","5.8695","5.8812","5.9234","5.9213","5.9342","5.9717","5.9914","6.2149","6.1725","6.2262","6.3072","","","",
"Granada","GRD","Médicos (por cada 1.000 personas)","SH.MED.PHYS.ZS","0.222","","","","","","","","","","0.346","","","","","","","","","","","","","","0.49","","","","0.553","","0.5","","","0.578","","0.65","","0.4035","","0.5762","0.5642","0.562","0.5598","0.5577","","","0.6578","","","","","","","","","","","1.4067","1.4363","","","","",
"Groenlandia","GRL","Médicos (por cada 1.000 personas)","SH.MED.PHYS.ZS","1.169","","","","","","","","","","0.905","","","","","","","","","","1.135","","","","","","","","","","","","","","","","","","","","","","","","","","","","","","","","","","","","","","","","","","",
"Guatemala","GTM","Médicos (por cada 1.000 personas)","SH.MED.PHYS.ZS","0.184","","","","","0.271","","","","","0.274","","","","","","","","","","","","","","0.47","","","","0.26","","0.78","","","0.25","","1.1","","0.933","","0.8751","","","","","","","","","","0.9039","","","","","","","","0.28","0.3549","","1.2407","","",
"Guam","GUM","Médicos (por cada 1.000 personas)","SH.MED.PHYS.ZS","","","","","","","","","","","","","","","","","","","","","","","","","","","1.187","","","","","","","","","","","","","1.084","","","","","","","","","","","","","","","","","","","","","","","",
"Guyana","GUY","Médicos (por cada 1.000 personas)","SH.MED.PHYS.ZS","0.255","","","","","","","","","","0.235","","","","","0.249","","","","","","","","","0.165","0.168","","","","","0.17","","","0.112","","0.33","","0.181","","","0.4902","","","","","","","","","0.2153","0.6872","","","","","","","","1.819","","1.4238","","",
"Ingreso alto","HIC","Médicos (por cada 1.000 personas)","SH.MED.PHYS.ZS","","","","","","","","","","","","","","","","","","","","","","","","","","","","","","","2.26195606358362","","","","","","","","","","2.52192495730607","","","","","","","","","","2.93450866164777","","","","","","","","3.16005452384156","","","","",
"Hong Kong, Región Administrativa Especial","HKG","Médicos (por cada 1.000 personas)","SH.MED.PHYS.ZS","0.327","","","","","0.396","","","","","0.663","","","","","0.672","","","","","0.826","","","","","","0.932","","","","","","","1.204","1.271","1.319","","","","","","","","","","","","","","","","","","","","","","","","","","","",
"Honduras","HND","Médicos (por cada 1.000 personas)","SH.MED.PHYS.ZS","0.081","","","","","0.19","","","","","0.269","","","","","0.269","","","","0.331","","0.332","","","0.691","","","","0.829","","0.7","0.411","","","","0.65","","0.832","","","0.5591","","","","","0.3593","","","","","0.295","","","","","","0.5982","0.3089","","","0.5001","","",
"Países pobres muy endeudados (PPME)","HPC","Médicos (por cada 1.000 personas)","SH.MED.PHYS.ZS","","","","","","","","","","","","","","","","","","","","","","","","","","","","","","","0.0875557252160483","","","","","","","","","","0.11236460758573","","","","","","","","","","0.107808301183544","","","","","","","","0.18584176061337","","","","",
"Croacia","HRV","Médicos (por cada 1.000 personas)","SH.MED.PHYS.ZS","","","","","","","","","","","","","","","","","","","","","1.673","1.738","1.808","1.858","1.88","","","","","","2.969","2.6746","2.7167","2.7459","2.741","2.7192","2.7253","2.7458","2.5971","2.5007","2.3574","2.3938","2.4089","2.4653","2.5304","2.5353","2.5739","2.7047","2.7113","2.7211","2.8428","2.8958","2.9731","3.0178","3.1258","3.1728","3.2087","3.3195","3.3863","3.4651","","","",
"Haití","HTI","Médicos (por cada 1.000 personas)","SH.MED.PHYS.ZS","0.105","","","","","0.07","","","","","0.08","","","","","0.081","","","","","","0.11","","","0.141","0.137","","","0.143","","0.08","","0.084","0.092","","0.16","","","0.2384","","","","","","","","","","","","","0.1378","","0.23","","0.0852","","","0.2343","","","","",
"Hungría","HUN","Médicos (por cada 1.000 personas)","SH.MED.PHYS.ZS","1.5","1.6","1.7","1.7","1.8","1.9","1.9","2","1.9","2","2","2.1","2.1","2.2","2.2","2.2","2.3","2.3","2.4","2.5","2.3","2.3","2.4","2.4","2.5","2.5","2.6","2.7","2.7","2.7","2.9413","3.0328","3.0099","2.9549","2.992","2.9977","3.0339","3.0702","3.0777","3.1002","2.6799","2.8889","3.1918","3.2431","3.3345","2.7816","3.0406","2.8121","3.1049","3.0399","2.8896","2.9811","3.1062","3.2284","3.3443","3.1178","3.2313","3.3447","3.4075","3.5248","","","",
"Sólo BIRF","IBD","Médicos (por cada 1.000 personas)","SH.MED.PHYS.ZS","","","","","","","","","","","","","","","","","","","","","","","","","","","","","","","1.2560229362174","","","","","","","","","","","","","","","","","","","","","","","","","","","","1.61733917463436","","","","",
"BIRF y la AIF","IBT","Médicos (por cada 1.000 personas)","SH.MED.PHYS.ZS","","","","","","","","","","","","","","","","","","","","","","","","","","","","","","","1.0820140523279","","","","","","","","","","1.23457439629435","","","","","","","","","","1.19504146797712","","","","","","","","1.32534934233996","","","","",
"total de la AIF","IDA","Médicos (por cada 1.000 personas)","SH.MED.PHYS.ZS","","","","","","","","","","","","","","","","","","","","","","","","","","","","","","","0.302933332208827","","","","","","","","","","0.3693965094439","","","","","","","","","","0.393642068101633","","","","","","","","0.492325258503262","","","","",
"mezcla de la AIF","IDB","Médicos (por cada 1.000 personas)","SH.MED.PHYS.ZS","","","","","","","","","","","","","","","","","","","","","","","","","","","","","","","0.556076998320412","","","","","","","","","","0.605139310307086","","","","","","","","","","0.640454302111787","","","","","","","","0.746281468056691","","","","",
"Indonesia","IDN","Médicos (por cada 1.000 personas)","SH.MED.PHYS.ZS","0.021","","","","","0.032","","","","","0.037","","","","","0.037","","","","0.085","","0.08","","0.106","","","","","","0.142","0.144","0.148","","0.058","","","","","","","","","","0.1339","","","","","","0.1448","0.1395","","0.2007","","","0.2738","","0.3767","0.4241","0.4651","0.6228","","",
"Sólo AIF","IDX","Médicos (por cada 1.000 personas)","SH.MED.PHYS.ZS","","","","","","","","","","","","","","","","","","","","","","","","","","","","","","","0.173427401076838","","","","","","","","","","0.227509605575834","","","","","","","","","","0.264558714449699","","","","","","","","0.365790547804427","","","","",
"Isla de Man","IMN","Médicos (por cada 1.000 personas)","SH.MED.PHYS.ZS","0.248","","","","","0.26","","","","","0.308","","","","","","","","","","","0.684","","","","","0.787","","","","0.577","","","","","","","","","","","","","","","","","","","","1.449","","","","","","","","","","","","",
"India","IND","Médicos (por cada 1.000 personas)","SH.MED.PHYS.ZS","0.21","","","","","0.205","","","","","0.205","","","","","0.204","","","","","0.371","0.27","","","0.396","","","","0.407","","","1.2208","","","","","","","","","","","","","","","","","","","","","","","","","","","0.6857","","0.7352","","",
"No clasificado","INX","Médicos (por cada 1.000 personas)","SH.MED.PHYS.ZS","","","","","","","","","","","","","","","","","","","","","","","","","","","","","","","","","","","","","","","","","","","","","","","","","","","","","","","","","","","","","","","",
"Irlanda","IRL","Médicos (por cada 1.000 personas)","SH.MED.PHYS.ZS","","","","","","","","","","","","","","","","","","","","","","","","","","","","","","","1.5523","1.7042","2.0103","2.0333","1.9981","2.1054","2.1058","2.1366","2.197","2.2696","2.2304","2.3856","2.4166","2.5803","2.7454","3.5427","3.6638","3.8986","4.0144","4.0388","4.1326","4.0938","3.9423","3.9347","3.0321","3.1524","3.2323","3.2946","3.3125","3.352","3.4896","","",
"Irán, República Islámica del","IRN","Médicos (por cada 1.000 personas)","SH.MED.PHYS.ZS","0.244","","","","","0.257","","","","","0.306","","","","","","","","","","","0.338","","","","","0.347","0.376","0.318","","","","","0.318","","","0.85","","1.049","","","","","","0.8817","0.8869","0.5361","","","","","","","","1.5044","1.1526","","1.1292","1.5844","","","","",
"Iraq","IRQ","Médicos (por cada 1.000 personas)","SH.MED.PHYS.ZS","0.195","","","","","0.2","","","","","0.309","","","","","","","","","","0.563","0.568","","","","","0.596","0.576","","","0.603","","","0.603","","","","","0.55","","","0.543","","","0.658","0.66","","0.528","","","0.6636","","","","1.0364","","0.8536","0.8375","0.7079","","0.9663","","",
"Islandia","ISL","Médicos (por cada 1.000 personas)","SH.MED.PHYS.ZS","1.2","1.2","1.2","1.2","1.2","1.2","1.2","1.2","1.3","1.3","1.4","1.5","1.6","1.6","1.7","1.8","1.9","1.9","2","2","2.1","2.2","2.3","2.3","2.4","2.6","2.6","2.7","2.7","2.8","2.8471","2.8494","2.9631","2.9654","3.0064","3.0232","3.1063","3.2417","3.3019","3.3753","3.4522","3.4995","3.6067","3.6354","3.6276","3.6339","3.6537","3.6894","3.7182","3.6761","3.5654","3.456","3.5074","3.5697","3.6306","3.7826","3.8892","3.9773","4.0778","4.1416","","","",
"Israel","ISR","Médicos (por cada 1.000 personas)","SH.MED.PHYS.ZS","2.472","","","","","2.5","","","","","2.881","2.974","3.156","3.304","","","","","","2.694","","","","","","","","","","","3.2309","3.4349","3.8123","3.7883","3.7862","3.7629","3.7364","3.7964","3.8719","3.8056","3.7993","3.8146","3.8286","3.8314","3.7952","3.7366","3.6805","3.6176","3.551","3.5334","3.5107","3.5123","3.4997","3.4788","3.4612","3.4627","3.4641","3.4789","3.5303","3.5781","3.6259","","",
"Italia","ITA","Médicos (por cada 1.000 personas)","SH.MED.PHYS.ZS","","","","","","","","","","","","","","","","","","","","","","","","","","","","","","","4.6706","4.8488","4.9892","","","3.7779","3.8845","3.9951","4.0828","4.1361","3.4586","3.5129","3.5584","3.6149","3.6809","3.7017","3.6985","3.7751","3.7806","3.7898","3.816","3.8846","3.8514","3.9044","3.9048","3.8479","3.9504","3.9805","3.9636","3.9958","3.9477","","",
"Jamaica","JAM","Médicos (por cada 1.000 personas)","SH.MED.PHYS.ZS","0.386","","","","","0.502","","","","","0.38","","","","","","","","","0.361","","0.359","","","0.489","","","","","","0.57","","","0.472","","0.57","","","","","","","","0.8315","","","","","0.3965","","","","0.354","0.4677","0.3798","0.4147","0.4549","","0.5268","","","","",
"Jordania","JOR","Médicos (por cada 1.000 personas)","SH.MED.PHYS.ZS","0.346","","","","","0.37","","","","","0.404","","","","","0.378","","","","","0.786","1.114","1.128","","1.159","","","","","","","1.348","","","1.625","","","1.66","","1.925","1.8692","2.0369","2.2031","2.2773","2.0426","2.239","2.2911","2.4426","2.2231","2.1287","2.2326","","","2.1947","2.2038","2.8078","","2.3237","","2.6614","","","",
"Japón","JPN","Médicos (por cada 1.000 personas)","SH.MED.PHYS.ZS","1","1","1","1","1","1","1","1","1","1.1","1.1","1.1","1.1","1.1","1.1","1.1","1.1","1.2","1.2","1.2","","1.3","","","","1.5","","","","","1.6385","","1.6903","","1.7589","","1.8274","","1.8784","","1.9237","","1.9695","","2.0228","","2.0746","","2.1394","","2.2059","","2.274","","2.3413","","2.4115","","2.4796","","","","",
"Kazajstán","KAZ","Médicos (por cada 1.000 personas)","SH.MED.PHYS.ZS","","","","","","","","","","","","","","","","","","","","","","","","","","","","","","","4.0453","3.9404","4.0668","3.9839","3.801","3.7959","3.7066","3.3752","3.501","3.366","3.2804","3.4399","3.583","3.6168","3.5907","3.6038","3.6983","3.6547","3.7161","3.7808","3.9278","3.9483","3.9108","3.9508","3.98","3.9678","4.1844","3.9897","3.9781","3.9914","4.0712","","",
"Kenya","KEN","Médicos (por cada 1.000 personas)","SH.MED.PHYS.ZS","0.092","","","","","0.075","","","","","0.125","","","","","0.127","","","","","","0.099","0.12","","","0.154","","","","","","","","0.138","","0.132","","","","","","","0.1335","","","","","","0.1664","0.1686","0.1696","0.1748","0.1825","0.1907","0.1959","","","","0.1565","","","","",
"Kirguistán","KGZ","Médicos (por cada 1.000 personas)","SH.MED.PHYS.ZS","","","","","","","","","","","","","","","","","","","","","","3.088","","","","","","","","","3.4401","3.4741","3.4118","3.1335","3.0926","3.1486","3.2322","3.0503","2.9836","2.9033","2.8043","2.6959","2.5862","2.5735","2.561","2.5167","2.4489","2.358","2.3528","2.3409","2.3394","2.286","2.2623","2.2614","2.213","","","","","","","","",
"Camboya","KHM","Médicos (por cada 1.000 personas)","SH.MED.PHYS.ZS","0.028","","","","","0.045","","","","","0.062","","","","","","","","","","","","","0.058","","","","","","","","","0.107","0.104","0.105","","0.1135","","0.1475","","0.1684","","","","","","","","0.2444","0.2378","0.2302","0.2263","0.1651","","0.1927","","","","","","","","",
"Kiribati","KIR","Médicos (por cada 1.000 personas)","SH.MED.PHYS.ZS","0.541","","","","","","","","","","0.613","","","","","","","","","","0.516","","","","","","0.497","","","","0.193","0.176","0.186","0.13","","","","","","","","","","","","","","","0.253","","0.3984","0.1433","","0.2039","","","","","","","","","",
"Saint Kitts y Nevis","KNA","Médicos (por cada 1.000 personas)","SH.MED.PHYS.ZS","0.235","","","","","","","","","","0.312","","","","","","","","","","0.36","","","","0.458","","","","","","0.6948","0.6931","0.7617","0.7786","0.9375","1.0926","1.1294","1.1189","1.0648","1.055","","1.0987","","","","","","","","","","","","","","2.6758","","","2.7672","","","","",
"Corea, República de","KOR","Médicos (por cada 1.000 personas)","SH.MED.PHYS.ZS","","","","","","","","","","","","","","","","","","","","","","0.5","0.5","0.5","0.6","0.6","0.6","0.7","0.7","0.8","0.8337","0.897","0.9668","1.0258","1.0651","1.118","1.1666","1.2266","1.2588","1.3013","1.2853","1.3775","1.4776","1.555","1.5515","1.6086","1.6707","1.7225","1.8407","1.9185","1.9839","2.0361","2.0798","2.1632","2.207","2.2494","2.3037","2.3608","2.4082","2.4843","","","",
"Kuwait","KWT","Médicos (por cada 1.000 personas)","SH.MED.PHYS.ZS","0.871","","","","","1.263","","","","","0.954","","","","","","","","","","1.698","1.412","1.62","","","","1.566","","","","","","","","","1.783","","1.89","","","","","","1.9","1.5","1.8","1.4543","1.8814","1.8806","1.8929","2.4296","2.456","2.4662","2.5332","2.6522","2.6463","","","","","2.3416","","",
"América Latina y el Caribe (excluido altos ingresos)","LAC","Médicos (por cada 1.000 personas)","SH.MED.PHYS.ZS","","","","","","","","","","","","","","","","","","","","","","","","","","","","","","","1.18348828385034","","","","","","","","","","1.6187218200119","","","","","","","","","","1.78123779137457","","","","","","","","2.37399405686515","","","","",
"República Democrática Popular Lao","LAO","Médicos (por cada 1.000 personas)","SH.MED.PHYS.ZS","0.02","","","","","0.041","","","","","0.066","","","","","","0.051","","","","","","","","","0.729","","","","","0.234","","","","","0.3417","","","","","0.285","","","","0.3532","0.2806","","","","0.197","","","0.18","0.4493","0.4949","","","0.3726","","","0.3539","","",
"Líbano","LBN","Médicos (por cada 1.000 personas)","SH.MED.PHYS.ZS","0.778","","","","","0.938","","","","","0.726","","","","","","","","","1.693","","1.714","","1.255","","","","","","1.862","","1.326","","1.862","","","","2.1","","","","2.8827","","","","","2.4707","2.3464","","","2.3385","2.6201","","2.2486","2.0735","2.103","2.0115","2.0255","2.1038","2.2071","","","",
"Liberia","LBR","Médicos (por cada 1.000 personas)","SH.MED.PHYS.ZS","0.077","","","","","0.08","","","","","0.079","","","","","0.08","","","","","","0.106","","0.107","","","","","","","","","","","","","","0.023","","","","","","","0.0328","","","","0.0141","0.024","0.0231","","","","","0.0376","","","0.051","","","","",
"Libia","LBY","Médicos (por cada 1.000 personas)","SH.MED.PHYS.ZS","0.152","","","","","0.259","","","","","0.368","","","","","","","","","","1.333","1.633","1.562","1.44","","","","","","","1.071","","","1.441","","","","1.2448","","","","","","","1.2381","","","","1.8425","1.9578","","","","","2.0583","1.8943","","2.0905","","","","","",
"Santa Lucía","LCA","Médicos (por cada 1.000 personas)","SH.MED.PHYS.ZS","0.139","","","","","","","","","","0.187","","","","","","","","","","","","","","0.285","","","","","","0.35","0.393","","0.544","","0.56","","0.473","","","","0.819","0.4391","0.4673","0.4203","0.508","","0.185","0.1588","0.1045","1.6485","1.8063","2.1392","2.4394","1.8564","","","0.6409","","","","","",
"América Latina y el Caribe","LCN","Médicos (por cada 1.000 personas)","SH.MED.PHYS.ZS","","","","","","","","","","","","","","","","","","","","","","","","","","","","","","","1.21422647635512","","","","","","","","","","1.62177045958985","","","","","","","","","","1.78148144122","","","","","","","","2.37115425837651","","","","",
"Países menos desarrollados: clasificación de las Naciones Unidas","LDC","Médicos (por cada 1.000 personas)","SH.MED.PHYS.ZS","","","","","","","","","","","","","","","","","","","","","","","","","","","","","","","0.0874699965762058","","","","","","","","","","0.136403135631957","","","","","","","","","","0.192273965795523","","","","","","","","0.302039726535796","","","","",
"Países de ingreso bajo","LIC","Médicos (por cada 1.000 personas)","SH.MED.PHYS.ZS","","","","","","","","","","","","","","","","","","","","","","","","","","","","","","","0.0570048839852526","","","","","","","","","","0.0725676987587589","","","","","","","","","","0.264887348449103","","","","","","","","0.303530959993854","","","","",
"Liechtenstein","LIE","Médicos (por cada 1.000 personas)","SH.MED.PHYS.ZS","","","","","","","","","","","","","","","","","","","","","","","","","","","","","","","","","","","","","","","","","","","","","","","","","","","","","","","","","","","","","","","",
"Sri Lanka","LKA","Médicos (por cada 1.000 personas)","SH.MED.PHYS.ZS","0.223","","","","","0.172","","","","","0.169","","","","","0.169","","","","","","0.134","0.134","","","0.181","","","","0.146","","0.1391","0.1654","0.2071","0.1849","0.2218","0.2786","0.3047","0.3462","0.3747","0.4241","0.4433","","","0.5405","0.5218","0.5219","0.5555","0.6244","0.6826","0.7239","0.7391","0.7645","0.7983","0.8364","0.8624","0.8925","0.9277","1.0041","1.1539","1.2291","","",
"Países de ingreso mediano bajo","LMC","Médicos (por cada 1.000 personas)","SH.MED.PHYS.ZS","","","","","","","","","","","","","","","","","","","","","","","","","","","","","","","0.850268627734722","","","","","","","","","","","","","","","","","","","","","","","","","","","","0.779150607492643","","","","",
"Ingreso mediano y bajo","LMY","Médicos (por cada 1.000 personas)","SH.MED.PHYS.ZS","","","","","","","","","","","","","","","","","","","","","","","","","","","","","","","1.06828044205983","","","","","","","","","","1.22668626384393","","","","","","","","","","1.20315073060597","","","","","","","","1.32548009520105","","","","",
"Lesotho","LSO","Médicos (por cada 1.000 personas)","SH.MED.PHYS.ZS","0.042","","","","","0.048","","","","","0.032","","","","","0.032","","","","","","","","","","0.071","","","","","0.043","","","0.05","","0.054","","","","","","","","0.0441","","","","","","","0.0692","","","","","","","","0.4734","","","","",
"avanzada del dividendo demográfico","LTE","Médicos (por cada 1.000 personas)","SH.MED.PHYS.ZS","","","","","","","","","","","","","","","","","","","","","","","","","","","","","","","1.39267207506315","","","","","","","","","","1.49642502771084","","","","","","","","","","1.73777987553598","","","","","","","","2.27551030634797","","","","",
"Lituania","LTU","Médicos (por cada 1.000 personas)","SH.MED.PHYS.ZS","","","","","","","","","","","","","","","","","","","","","","","","","","3.72","3.816","3.885","3.941","3.977","4.003","3.9118","3.5948","3.6192","3.7009","3.6866","3.7152","3.7535","3.7155","3.7096","3.6244","3.6276","3.7009","3.6698","3.6222","3.6961","3.7529","3.8512","3.8635","3.849","3.9138","4.0238","4.1384","4.2042","4.2507","4.2993","4.4338","4.5291","4.5982","4.6268","","","",
"Luxemburgo","LUX","Médicos (por cada 1.000 personas)","SH.MED.PHYS.ZS","1","1","1","1","1","1","1","1","1.1","1.1","1.1","1.2","1.2","1.2","1.2","1.3","1.3","1.3","1.5","1.6","1.7","1.5","1.7","1.7","1.7","1.8","1.9","1.8","1.9","2","2.0063","2.0186","2.0797","2.1371","2.162","2.2396","2.314","2.4","2.4354","2.4878","2.1509","2.2172","2.2696","2.4011","2.4568","2.5994","2.616","2.7227","2.7359","2.717","2.7683","2.7614","2.8047","2.8327","2.8891","2.9222","2.9052","3.0073","","","","","",
"Letonia","LVA","Médicos (por cada 1.000 personas)","SH.MED.PHYS.ZS","","","","","","","","","","","","","","","","","","","","","3.623","","","","","4.099","4.077","4.112","4.183","4.162","3.5426","3.6128","3.126","2.883","2.8656","2.8017","2.8102","2.8427","2.7163","2.6971","2.8601","2.6629","2.7623","2.8094","2.8975","2.9432","3.0196","3.1464","3.2424","3.1485","3.0757","3.0837","3.0913","3.1408","3.1724","3.1656","3.1885","3.1905","3.3015","3.2795","3.4047","","",
"Región Administrativa Especial de Macao, China","MAC","Médicos (por cada 1.000 personas)","SH.MED.PHYS.ZS","0.41","","","","","","","","","","0.634","","","","","","","","","","1.067","1.122","","","","","2.428","1.562","","","","","","","","","","","","","","","","","","","","","","","","","","","","","","","","","","","",
"Isla de San Martín (parte francesa)","MAF","Médicos (por cada 1.000 personas)","SH.MED.PHYS.ZS","","","","","","","","","","","","","","","","","","","","","","","","","","","","","","","","","","","","","","","","","","","","","","","","","","","","","","","","","","","","","","","",
"Marruecos","MAR","Médicos (por cada 1.000 personas)","SH.MED.PHYS.ZS","0.106","","","","","0.082","","","","","0.076","","","","","0.076","","","","","","0.054","0.064","","","","","0.217","0.214","","","","","0.214","0.363","","","0.46","","","","0.483","","","0.531","","","0.5862","","0.6477","","","","0.632","0.9135","","","0.7308","","","","","",
"Mónaco","MCO","Médicos (por cada 1.000 personas)","SH.MED.PHYS.ZS","","","","","","","","","","","2.4","1.958","2.208","2.25","2.375","2.36","2.417","2.4","2.32","2.36","2.385","2.231","2.185","","","","","","","","","","2.8094","","","","","","","","","","","","","","","","","","","6.4167","6.4384","7.7778","7.5067","","","","","","","","",
"República de Moldova","MDA","Médicos (por cada 1.000 personas)","SH.MED.PHYS.ZS","","","","","","","","","","","","","","","","","","","","","2.816","2.895","3.007","3.089","3.193","3.297","3.37","3.444","","","3.547","3.4724","3.4891","3.5366","3.5556","3.5115","3.5693","3.602","3.6662","","2.4553","2.2925","2.3103","2.2824","2.1814","2.3783","2.3768","2.3871","2.3545","2.3912","2.3808","2.4142","2.4135","2.5028","2.4746","2.4836","","3.2066","","2.5586","3.1026","","",
"Madagascar","MDG","Médicos (por cada 1.000 personas)","SH.MED.PHYS.ZS","0.115","","","","","0.093","","","","","0.097","","","","","0.096","","","","","","0.099","","","","0.101","","","","","0.12","","","","","0.272","0.107","","","","","0.087","0.1362","0.1476","0.1562","0.1801","0.1705","0.1813","0.186","0.1813","0.1953","0.144","0.1427","0.1534","0.1812","","","","0.1991","","","","",
"Maldivas","MDV","Médicos (por cada 1.000 personas)","SH.MED.PHYS.ZS","","","","","","","","","","","0.033","","","","","","","","","","","0.049","0.065","","","","","","","","0.07","0.1916","","0.2844","","","0.6674","","","","","","","","0.9701","","","1.6468","","1.4884","1.4356","","","","1.7701","","","1.7486","1.7084","2.0527","","","",
"Oriente Medio y Norte de África","MEA","Médicos (por cada 1.000 personas)","SH.MED.PHYS.ZS","","","","","","","","","","","","","","","","","","","","","","","","","","","","","","","0.685393512414874","","","","","","","","","","1.31208003917201","","","","","","","","","","","","","","","","","","1.39363403933035","","","","",
"México","MEX","Médicos (por cada 1.000 personas)","SH.MED.PHYS.ZS","","","","","","","","","","","","","","","","","","","","","","","","","","","","","","","0.975","1.1624","1.3176","1.465","1.5646","1.6536","1.6518","1.6906","1.7066","1.7114","1.6265","1.5161","1.5267","1.5788","1.6531","1.7651","1.881","1.9215","1.9494","1.979","1.9986","2.1004","2.1118","2.1555","2.2263","2.3246","2.3244","2.3827","2.4248","2.4253","","","",
"Islas Marshall","MHL","Médicos (por cada 1.000 personas)","SH.MED.PHYS.ZS","","","","","","","","","","","","","","","","","","","","","","","","","","","","","","","","","","","","","0.422","","","","0.471","","","","","","","0.5536","","","0.5674","0.5841","0.4233","","","","","","","","","","",
" Ingreso mediano","MIC","Médicos (por cada 1.000 personas)","SH.MED.PHYS.ZS","","","","","","","","","","","","","","","","","","","","","","","","","","","","","","","1.12831190707605","","","","","","","","","","1.31445333823987","","","","","","","","","","1.32210918592634","","","","","","","","1.43784157340571","","","","",
"Macedonia del Norte","MKD","Médicos (por cada 1.000 personas)","SH.MED.PHYS.ZS","","","","","","","","","","","0.89","0.919","0.953","1.012","1.025","1.121","1.114","1.158","1.238","1.311","","","","","","","","","","","2.2022","2.251","2.295","2.1991","2.1941","2.2705","2.2318","2.2459","2.2404","2.1779","2.1894","2.1828","2.2319","2.1662","2.1828","2.1317","2.5142","2.446","2.5947","2.5926","2.6759","2.7257","2.7744","2.7956","","2.8736","","","","","","","",
"Malí","MLI","Médicos (por cada 1.000 personas)","SH.MED.PHYS.ZS","0.014","","","","","0.019","","","","","0.023","","","","","0.023","","","","","0.039","0.038","","","","0.039","","0.043","0.054","","0.051","","","","0.047","0.043","0.063","","","","0.044","","","","0.0583","0.0635","0.0601","0.0633","0.0662","0.1225","0.1021","0.1179","0.1066","0.1198","0.1033","0.1004","0.1251","0.1214","0.1286","","","","",
"Malta","MLT","Médicos (por cada 1.000 personas)","SH.MED.PHYS.ZS","0.891","","","","","","","","","","1.072","1.026","","","","1.276","","","","","","1.172","1.266","","1.38","","","2.032","","","2.2099","2.3973","2.3784","2.4542","","","","2.4101","2.5407","","2.6016","3.081","3.2656","3.128","","","","","3.3553","1.9169","2.153","2.2384","2.3566","2.4595","2.6592","2.8598","","","","","","","",
"Myanmar","MMR","Médicos (por cada 1.000 personas)","SH.MED.PHYS.ZS","0.065","","","","","0.085","","","","","0.114","","","","","","","","","","","0.203","","","","0.27","","","","0.081","0.078","","","","","0.293","","","","0.297","0.302","","","","0.3663","0.3797","0.4158","0.4393","0.4748","0.4883","0.5224","0.5506","0.5802","","","","0.6195","0.8638","0.677","0.7369","","","",
"Oriente Medio y Norte de África (excluido altos ingresos)","MNA","Médicos (por cada 1.000 personas)","SH.MED.PHYS.ZS","","","","","","","","","","","","","","","","","","","","","","","","","","","","","","","0.574091096545076","","","","","","","","","","1.29003469473152","","","","","","","","","","","","","","","","","","1.17313780316142","","","","",
"Montenegro","MNE","Médicos (por cada 1.000 personas)","SH.MED.PHYS.ZS","","","","","","","","","","","","","","","","","","","","","","","","","","","","","","","","","","","","","","","","1.8578","1.884","1.9129","1.9009","1.8547","1.9363","1.9517","1.9922","1.99","2.1117","2.1031","2.0439","2.0134","2.0387","2.1523","2.1861","2.3764","2.5761","2.6434","2.7557","2.7197","2.74","","",
"Mongolia","MNG","Médicos (por cada 1.000 personas)","SH.MED.PHYS.ZS","0.91","","","","","1.378","","","","","1.729","","","","","","","","","","","","","","","","","","","","2.538","2.695","2.618","","","","","","2.433","2.54","","","2.7553","","","","","","2.8816","2.6704","2.7564","2.8671","3.0435","3.0922","3.1632","3.2194","2.8592","","3.8518","","","","",
"Mariana","MNP","Médicos (por cada 1.000 personas)","SH.MED.PHYS.ZS","","","","","","","","","","","","","","","","","","","","","","","","","","","","","","","","","","","","","","","","0.445","","","","","","","","","","","","","","","","","","","","","","","",
"Mozambique","MOZ","Médicos (por cada 1.000 personas)","SH.MED.PHYS.ZS","0.043","","","","","0.056","","","","","0.053","","","","","","","","","","0.025","0.027","0.026","","","0.021","","","","0.028","0.012","","","","","","","","","","0.024","","","","0.0258","","0.026","","","0.0455","0.0487","0.0524","0.0546","0.0568","","","","0.0761","0.0838","0.0846","0.085","","",
"Mauritania","MRT","Médicos (por cada 1.000 personas)","SH.MED.PHYS.ZS","0.024","","","","","0.027","","","","","0.056","","","","","0.055","","0.069","","","","","","","0.083","0.113","","","","","0.063","","","0.063","","0.138","","","","","","","","","0.1065","","","","","0.1311","0.1565","","","","0.1582","0.171","","0.1847","0.1865","","","","",
"Mauricio","MUS","Médicos (por cada 1.000 personas)","SH.MED.PHYS.ZS","0.215","","","","","0.255","","","","","0.24","","","","","0.235","","","","","0.521","0.552","","","","0.529","","","","0.858","0.811","0.835","0.847","0.844","0.845","0.85","","","","","0.9113","0.9272","0.9869","0.9702","1.0718","1.0982","1.14","1.1549","1.17","1.1857","1.2019","1.4467","1.3738","1.6296","1.9318","2.0246","2.1943","2.3147","1.89","2.5912","2.7127","","",
"Malawi","MWI","Médicos (por cada 1.000 personas)","SH.MED.PHYS.ZS","0.027","","","","","0.021","","","","","0.013","","","","","","","","","","","0.019","","","0.087","","","","","0.023","0.022","","","0.028","","","","","","","","","","0.011","0.0216","","","","0.0187","0.0188","","","","0.0126","","","0.0313","","0.1521","","0.0501","","",
"Malasia","MYS","Médicos (por cada 1.000 personas)","SH.MED.PHYS.ZS","0.143","","","","","0.161","","","","","0.232","","","","","0.234","","","","","0.255","0.255","","","","0.315","0.335","0.348","0.367","0.374","0.392","0.393","0.411","0.431","0.449","0.478","0.496","0.658","","0.683","0.6734","","0.7205","0.7365","0.7243","0.7826","0.8372","0.8884","0.9216","1.101","1.1691","1.2777","1.332","1.5921","1.5256","1.5358","1.6323","1.8592","1.9398","2.1154","2.2855","","",
"América del Norte","NAC","Médicos (por cada 1.000 personas)","SH.MED.PHYS.ZS","","","","","","","","","","","","","","","","","","","","","","","","","","","","","","","1.82995642941219","","","","","","","","","","2.52484405109251","","","","","","","","","","","","","","","","","","2.59293941863119","","","","",
"Namibia","NAM","Médicos (por cada 1.000 personas)","SH.MED.PHYS.ZS","","","","","","","","","","","","","","","","","","","","","","","","","","","","","","","","0.231","0.232","","","","","0.295","","","","","","","0.3135","","","0.3857","","","","","","","","","","0.5914","0.5902","","","","",
"Nueva Caledonia","NCL","Médicos (por cada 1.000 personas)","SH.MED.PHYS.ZS","","","","","","","","","","","","","","","","","","","","","","","","0.653","","","","","","","","","","","","","","","","1.982","","","","","","","","","","","","","","","","","","","","","","","",
"Níger","NER","Médicos (por cada 1.000 personas)","SH.MED.PHYS.ZS","0.011","","","","","0.016","","","","","0.017","","","","","0.016","","","","","","","","","0.025","","","","","","0.018","","0.027","","0.023","","0.024","0.035","0.033","","","","0.033","","0.0226","","","","0.0189","0.0277","","","0.0535","0.0511","0.0272","0.0317","0.0328","0.0218","0.0162","0.0381","0.0345","","",
"Nigeria","NGA","Médicos (por cada 1.000 personas)","SH.MED.PHYS.ZS","0.017","","","","","0.043","","","","","0.05","","","","","0.049","","","","","0.113","","0.149","","","0.192","0.187","","","0.192","","","0.185","0.192","","","","","","","0.269","","","0.2648","","0.2824","0.3481","0.3784","0.3762","0.3782","","","","0.3828","","","0.4494","","0.3806","","","","",
"Nicaragua","NIC","Médicos (por cada 1.000 personas)","SH.MED.PHYS.ZS","0.34","","","","","0.378","","","","","0.453","","","","","0.46","","","","","0.416","0.426","","","0.637","","","","0.471","","0.657","","","","","0.82","","0.856","","","","","","0.3864","","0.4996","0.4924","0.5265","0.6486","0.7032","0.7278","0.8137","0.8605","0.8981","0.8946","0.9312","0.9537","0.9895","1.6645","","","","",
"Países Bajos","NLD","Médicos (por cada 1.000 personas)","SH.MED.PHYS.ZS","1.1","1.1","1.1","1.1","1.1","1.2","1.2","1.2","1.2","1.2","1.2","1.3","1.4","1.4","1.5","1.6","1.7","1.7","1.8","1.8","","","","","","","","","","","2.5032","2.5934","","","","","","","","2.3768","2.4427","2.5193","2.5815","2.62","2.6469","2.6997","2.7791","2.7724","2.849","2.9057","2.9516","3.1243","3.2463","3.3058","3.4194","3.4917","3.547","3.6266","3.7092","3.7689","4.0794","","",
"Noruega","NOR","Médicos (por cada 1.000 personas)","SH.MED.PHYS.ZS","1.2","","1.2","1.1","1.2","1.3","1.3","1.3","1.4","1.4","1.4","1.5","1.5","1.6","1.7","1.7","1.8","1.9","1.9","1.9","2","2","2.1","2.1","2.2","2.2","2.3","2.5","","","","2.5973","2.6517","2.6992","2.7815","2.9473","3.039","3.0647","3.1544","3.2778","3.3738","3.5325","3.2123","3.2266","3.3959","3.556","3.7216","3.8357","3.9526","4.0495","4.1167","4.1921","4.236","4.3063","4.4249","4.4432","4.5679","4.7176","4.834","4.94","5.047","","",
"Nepal","NPL","Médicos (por cada 1.000 personas)","SH.MED.PHYS.ZS","0.013","","","","","0.021","","","","","0.019","","","","","0.019","","","","","0.034","","","","0.031","0.034","","0.051","0.051","0.054","0.051","0.062","0.076","0.074","","0.04","0.04","0.04","0.04","","","0.052","","","0.2118","","","","","","","","0.5159","0.564","","","","0.9101","0.7486","0.8091","0.8516","","",
"Nauru","NRU","Médicos (por cada 1.000 personas)","SH.MED.PHYS.ZS","","","","","","","","","","","","","","","","","","","","","","","","","","","","","","","","","","","","1.5094","","","","","","","","","1.0101","","","","1.0101","1.0101","1.1","1.3861","","","","1.3462","","","","","","","",
"Nueva Zelandia","NZL","Médicos (por cada 1.000 personas)","SH.MED.PHYS.ZS","","1.1","","","","","1.1","","","","","1.1","","1.2","","","1.3","1.4","1.4","1.5","1.6","1.6","1.6","1.7","1.7","1.7","1.8","1.8","1.9","1.9","1.8654","1.9079","1.9188","1.9279","1.9816","2.049","2.0536","2.1917","2.2439","2.2566","2.2324","2.1728","2.1177","2.1775","2.1922","2.1052","2.2707","2.2927","2.4531","2.5689","2.6114","2.6329","2.6783","2.7817","2.8604","3.0302","3.1524","3.3296","3.4205","3.5149","3.6183","","",
"Miembros OCDE","OED","Médicos (por cada 1.000 personas)","SH.MED.PHYS.ZS","","","","","","","","","","","","","","","","","","","","","","","","","","","","","","","2.10258086349042","","","","","","","","","","2.39686346351917","","","","","","","","","","2.73049429141364","","","","","","","","3.01799377289386","","","","",
"Omán","OMN","Médicos (por cada 1.000 personas)","SH.MED.PHYS.ZS","0.03","","","","","0.038","","","","","","","","","","","","","","","","","0.549","","","","","0.834","","0.883","0.7952","","","","","1.1237","","0.8539","0.9321","0.9641","1.4365","1.4802","1.5144","1.5615","1.5829","1.6653","1.7743","1.8471","1.888","1.9341","1.9274","1.9464","2.0169","2.0381","2.1481","2.0889","1.9249","1.9572","2.0031","1.9301","1.7738","","",
"Otros Estados pequeos","OSS","Médicos (por cada 1.000 personas)","SH.MED.PHYS.ZS","","","","","","","","","","","","","","","","","","","","","","","","","","","","","","","0.854266040917896","","","","","","","","","","","","","","","","","","","","1.02052810618197","","","","","","","","1.12060971130668","","","","",
"Pakistán","PAK","Médicos (por cada 1.000 personas)","SH.MED.PHYS.ZS","0.185","","","","","","","","","","0.232","","","","","0.233","","","","","0.285","0.344","0.342","","","","0.351","","","","0.462","0.48","0.5271","0.5381","0.55","0.563","0.5829","0.5987","0.6132","0.6284","0.6451","0.6593","","","0.7423","0.7882","","0.7619","0.7806","0.7951","0.8076","0.8311","0.859","0.8771","0.8972","0.9262","0.962","1.0005","0.9801","1.1179","","","",
"Panamá","PAN","Médicos (por cada 1.000 personas)","SH.MED.PHYS.ZS","0.356","","","","","0.478","","","","","0.613","","","","","0.597","","","","","","0.993","","","1.021","1.006","","","1.793","","1.113","1.122","1.1441","1.1777","1.1255","1.1666","1.2055","1.2033","1.1932","1.2325","","1.2439","1.3346","1.3403","1.3216","1.3477","1.3489","1.3032","1.3808","1.3092","1.4058","1.4976","1.5979","1.5821","","1.5759","1.5699","1.5859","1.6055","1.6324","","","",
"Perú","PER","Médicos (por cada 1.000 personas)","SH.MED.PHYS.ZS","0.51","","","","","0.605","","","","","0.521","","","","","0.526","","","","0.692","0.716","0.76","0.846","0.902","0.908","0.929","0.984","0.983","0.965","1.035","1.064","","1.03","","","0.98","","0.932","","1.1427","","","","","","","","1.6648","","0.9472","","","1.1411","","","","1.3048","","1.3694","","","","",
"Filipinas","PHL","Médicos (por cada 1.000 personas)","SH.MED.PHYS.ZS","0.146","","","","","","","","","","0.111","","","","","0.113","","","","","0.128","0.15","","","0.154","0.154","","","","0.124","0.119","","0.108","","","","1.23","1.24","","","1.2185","1.2201","1.1107","1.2256","1.108","1.2289","1.2361","1.2441","1.2558","1.2632","1.2717","","","","","","","0.6004","","","0.7727","","",
"Palau","PLW","Médicos (por cada 1.000 personas)","SH.MED.PHYS.ZS","","","","","","","","","","","","","","","","","","","","","","","","","","","","","","","","","","","","","","","1.413","","","","","","","","1.3333","","","1.5847","1.6111","","","","1.4205","","","","","","1.768","","",
"Papua Nueva Guinea","PNG","Médicos (por cada 1.000 personas)","SH.MED.PHYS.ZS","","","","","","0.079","","","","","0.086","","","0.056","","0.085","","","","","0.062","0.062","","","","0.162","","","","","0.073","","","","","","","","0.073","","0.047","","","","","","","","0.0477","","0.0514","","","","","","","","0.0699","0.0661","","","",
"Polonia","POL","Médicos (por cada 1.000 personas)","SH.MED.PHYS.ZS","1","1","1.1","1.1","1.2","1.2","1.3","1.3","1.4","1.4","1.4","1.5","1.5","1.5","1.6","1.6","1.6","1.7","1.7","1.7","1.8","1.8","1.8","1.9","1.9","2","2","2.1","","","2.1507","2.1775","2.1919","2.2288","2.2848","2.3251","2.3586","2.364","2.336","2.2693","2.2053","2.2504","2.2882","2.4188","2.2771","2.1267","2.1671","2.1776","2.1482","2.1593","2.1707","2.1997","2.2242","2.234","2.302","2.3252","2.4146","2.3788","","","","","",
"previa al dividendo demográfico","PRE","Médicos (por cada 1.000 personas)","SH.MED.PHYS.ZS","","","","","","","","","","","","","","","","","","","","","","","","","","","","","","","0.131469038484338","","","","","","","","","","0.173525350829995","","","","","","","","","","0.196895192979705","","","","","","","","0.245197285361315","","","","",
"Puerto Rico","PRI","Médicos (por cada 1.000 personas)","SH.MED.PHYS.ZS","","","","","","","","","","","","","","","","","","","","","","","","","","","","","","","","","","","","1.75","","","","","","","","","","","","","","","","","","","","","","","","","","","",
"Corea, República Popular Democrática de","PRK","Médicos (por cada 1.000 personas)","SH.MED.PHYS.ZS","","","","","","","","","","","","","","","","","","","","","","","2.549","2.511","","","","","","","","","","","","2.97","","","","","","","","3.1686","","","","","3.288","","","","3.4463","","3.5055","","3.7011","3.6834","","","","","",
"Portugal","PRT","Médicos (por cada 1.000 personas)","SH.MED.PHYS.ZS","0.8","0.8","0.9","0.8","0.8","0.9","0.9","0.9","1","0.9","0.9","1","1","1.1","1.2","1.2","1.3","1.5","1.7","1.9","","","","","","","","","","","2.8312","2.8582","2.8669","2.87","2.8823","2.9118","2.9878","3.0301","3.0889","3.1149","3.2026","3.2618","3.2996","3.3497","3.4206","3.4999","3.5654","3.6483","3.7405","3.8479","3.9756","4.1178","4.2361","4.3932","4.5567","4.7487","4.9397","5.124","5.3117","5.4837","","","",
"Paraguay","PRY","Médicos (por cada 1.000 personas)","SH.MED.PHYS.ZS","0.534","","","","","0.533","","","","","0.435","","","","","0.439","","","","0.563","","0.579","","","0.701","0.675","","","0.64","","0.65","0.813","","","0.28","0.73","","1.098","","","1.17","","1.1488","","","","","","","","","","1.2774","","","","","","1.3544","","1.0515","","",
"Ribera Occidental y Gaza","PSE","Médicos (por cada 1.000 personas)","SH.MED.PHYS.ZS","","","","","","","","","","","","","","","","","","","","","","","","","","","","","","","","","","","","","","","0.5","","","0.837","","","","","","","","","","","","","","","","","","","","","",
"Estados pequeos de las Islas del Pacfico","PSS","Médicos (por cada 1.000 personas)","SH.MED.PHYS.ZS","","","","","","","","","","","","","","","","","","","","","","","","","","","","","","","0.277349892333116","","","","","","","","","","0.368051403265889","","","","","","","","","","0.357592216349954","","","","","","","","0.579483660891487","","","","",
"posterior al dividendo demográfico","PST","Médicos (por cada 1.000 personas)","SH.MED.PHYS.ZS","","","","","","","","","","","","","","","","","","","","","","","","","","","","","","","2.46757231769139","","","","","","","","","","2.68002987048804","","","","","","","","","","3.16966802592214","","","","","","","","3.28112798442165","","","","",
"Polinesia Francesa","PYF","Médicos (por cada 1.000 personas)","SH.MED.PHYS.ZS","","","","","","","","","","","","","","","","","","","","","","","","","","1.252","","","","","","","","","","","","","","","1.697","","","","","","","","","","","","","","","","","","","","","","",
"Qatar","QAT","Médicos (por cada 1.000 personas)","SH.MED.PHYS.ZS","","","","","","","","","","","0.513","","","","","","","","","","","0.738","","","","","1.676","","","","1.5","","","","","","1.26","1.26","","","","2.217","","","","2.4844","2.2617","","3.2087","3.0975","3.7273","","","","1.7351","","2.6944","","2.4852","","","","",
"Rumania","ROU","Médicos (por cada 1.000 personas)","SH.MED.PHYS.ZS","1.269","","","","","1.316","","","","","1.185","1.208","","1.242","","1.318","1.332","1.355","1.377","1.413","1.476","1.541","1.635","1.972","1.724","1.762","1.783","1.79","1.805","1.811","1.802","1.816","1.866","1.77","1.7353","","","","1.8388","","1.9531","1.9816","2.096","","2.2314","2.2126","2.2104","2.2915","2.4133","2.4414","2.4804","2.5153","2.5887","2.624","","","2.2565","2.9807","","","","","",
"Federación de Rusia","RUS","Médicos (por cada 1.000 personas)","SH.MED.PHYS.ZS","","","","","","","","","","","","","","","","","","","","","","","","","","3.871","3.939","4.004","4.04","4.085","4.5231","4.2717","4.2983","4.3242","4.2926","4.4101","4.521","4.5583","4.6132","4.6455","4.646","4.6479","4.6992","4.7438","4.7765","4.8047","4.8967","4.937","4.9131","4.9628","4.9889","4.2296","4.0116","3.995","4.1272","3.9332","3.9777","4.0762","4.1165","4.1834","3.8187","","",
"Rwanda","RWA","Médicos (por cada 1.000 personas)","SH.MED.PHYS.ZS","0.008","","","","","0.014","","","","","0.017","","","","","0.017","","","","","0.032","0.031","","0.029","","0.027","","","","0.04","","","","0.04","","","","","","","","","0.019","","0.049","0.024","","","0.052","0.055","0.055","0.0129","","0.1021","0.0909","0.1129","0.1226","0.1376","0.134","0.1182","","","",
"Asia meridional","SAS","Médicos (por cada 1.000 personas)","SH.MED.PHYS.ZS","","","","","","","","","","","","","","","","","","","","","","","","","","","","","","","0.998491333836809","","","","","","","","","","","","","","","","","","","","","","","","","","","","0.773116142756449","","","","",
"Arabia Saudita","SAU","Médicos (por cada 1.000 personas)","SH.MED.PHYS.ZS","0.061","","","","","0.106","","","","","0.134","","","","","","","","","","","0.55","","","","","1.346","","","","1.433","","","1.335","","","","1.66","","","0.7235","0.6822","","","","","","","2.0626","2.076","2.4074","2.4607","2.453","","2.5654","","2.3776","2.5366","2.6117","2.7528","2.7384","","",
"Sudán","SDN","Médicos (por cada 1.000 personas)","SH.MED.PHYS.ZS","0.03","","","","","0.041","","","","","0.068","","","","","0.068","","","","","0.11","0.101","","","0.096","","0.09","","","","","","","","0.105","","0.09","","","","0.158","","","","0.2499","","0.35","0.3503","0.3271","","","","","","","0.4073","","0.2618","","","","","",
"Senegal","SEN","Médicos (por cada 1.000 personas)","SH.MED.PHYS.ZS","0.044","","","","","0.051","","","","","0.063","","","","","0.061","","","","","","0.079","0.077","","","","","","","","0.055","","0.068","","0.096","0.075","0.093","0.093","0.095","","","","","","0.0549","","","","0.0617","","","","","0.3179","","0.2074","0.077","0.0691","","0.0881","","","",
"Singapur","SGP","Médicos (por cada 1.000 personas)","SH.MED.PHYS.ZS","0.42","","","","","0.526","","","","","0.657","","","","","0.667","","","","","0.851","0.877","","","","0.998","0.723","","1.111","","1.266","1.32","1.348","1.385","1.411","","","","1.627","1.3465","1.3842","1.4525","1.4689","1.5238","1.5542","1.5819","1.5744","1.6127","1.6418","1.6758","1.7598","1.8326","1.9043","2.0084","2.1234","2.228","2.2936","2.3451","2.391","2.4601","","","",
"Islas Salomón","SLB","Médicos (por cada 1.000 personas)","SH.MED.PHYS.ZS","0.186","","","","","","","","","","0.205","","","","","","","","","","","","","","","","0.135","","","0.152","","","0.157","","","0.14","","","","0.1345","","","","0.1342","","0.1894","","","0.1768","","","0.2013","0.1546","0.1873","","","0.1937","","","","","","",
"Sierra Leona","SLE","Médicos (por cada 1.000 personas)","SH.MED.PHYS.ZS","0.047","","","","","0.059","","","","","0.056","","","","","0.054","","","","","0.058","0.053","","","0.075","","","","","","","","","","","","0.073","","","","","","","","0.0309","","","","0.0155","","0.0212","0.0251","","","","","","","0.074","","","","",
"El Salvador","SLV","Médicos (por cada 1.000 personas)","SH.MED.PHYS.ZS","0.187","","","","","","","","","","0.243","","","","","0.242","","","","","0.326","0.387","","","0.352","","","","0.647","","0.84","","","0.66","","0.91","","1.071","","1.2435","","","1.3314","","","1.711","","","1.8823","","","","","","","","1.5662","","2.8699","","","","",
"San Marino","SMR","Médicos (por cada 1.000 personas)","SH.MED.PHYS.ZS","","","","","","","","","","","","","","","","","","","","","2.06","2.218","2.181","2.247","2.166","2.287","2.399","2.519","2.538","2.423","","","","","","","","","","","","","","","","","","","","","","4.8896","5.109","5.0307","6.1094","","","","","","","","",
"Somalia","SOM","Médicos (por cada 1.000 personas)","SH.MED.PHYS.ZS","0.024","","","","","0.027","","","","","0.037","","","","","0.038","","","","","0.046","0.041","","","0.071","","","","","","","","","0.042","","","","0.04","","","","","","","","","0.0279","","","","","","","","0.023","","","","","","","","",
"Serbia","SRB","Médicos (por cada 1.000 personas)","SH.MED.PHYS.ZS","","","","","","","","","","","","","","","","","","","","","","","","","","","","","","","","","","","","","","","","","","","","2.2114","2.2693","2.2609","2.2858","2.3447","2.4215","2.4467","2.482","2.5003","2.4961","2.4945","2.4611","2.4603","","","","","","","",
"África al sur del Sahara (excluido altos ingresos)","SSA","Médicos (por cada 1.000 personas)","SH.MED.PHYS.ZS","","","","","","","","","","","","","","","","","","","","","","","","","","","","","","","0.14460493130167","","","","","","","","","","0.125806000025986","","","","","","","","","","0.153343159016123","","","","","","","","0.233276911662148","","","","",
"Sudán del Sur","SSD","Médicos (por cada 1.000 personas)","SH.MED.PHYS.ZS","","","","","","","","","","","","","","","","","","","","","","","","","","","","","","","","","","","","","","","","","","","","","","","","","","","","","","","","","","","0.0374","","","","",
"África al sur del Sahara","SSF","Médicos (por cada 1.000 personas)","SH.MED.PHYS.ZS","","","","","","","","","","","","","","","","","","","","","","","","","","","","","","","0.14460493130167","","","","","","","","","","0.125806000025986","","","","","","","","","","0.153449841861427","","","","","","","","0.233455706672868","","","","",
"Pequeños Estados","SST","Médicos (por cada 1.000 personas)","SH.MED.PHYS.ZS","","","","","","","","","","","","","","","","","","","","","","","","","","","","","","","0.746861867014064","","","","","","","","","","","","","","","","","","","","0.948657269381677","","","","","","","","1.19474928319919","","","","",
"Santo Tomé y Príncipe","STP","Médicos (por cada 1.000 personas)","SH.MED.PHYS.ZS","0.3","","","","","","","","","","0.233","","","","","","","","","","0.438","0.419","","0.537","","","","","","0.546","0.53","","0.328","","","","0.467","","","","","","","","0.527","","","","","","","","","","","0.3159","","","","0.4884","","","",
"Suriname","SUR","Médicos (por cada 1.000 personas)","SH.MED.PHYS.ZS","0.51","","","","","","","","","","0.465","","","","","","","","","","","","","","0.791","","","","","","0.75","","","0.762","","0.75","0.252","","","","0.4056","","","","0.8102","","","","","0.7054","","","","","","1.0463","1.1312","1.1849","0.8194","","","","",
"República Eslovaca","SVK","Médicos (por cada 1.000 personas)","SH.MED.PHYS.ZS","","","","","","","","","","","","","","","","","","","","","","","","","","","","","","","","","","","","","","","","3.3192","3.2264","3.2111","3.1879","3.1344","3.137","3.0224","3.1563","3.3747","3.3561","3.2953","3.351","3.2999","3.3598","3.3855","3.4214","3.4438","3.4664","3.4156","3.517","3.565","","","",
"Eslovenia","SVN","Médicos (por cada 1.000 personas)","SH.MED.PHYS.ZS","","","","","","","","","","","","","","","","","","","","","1.771","","1.843","","1.861","1.879","1.882","2.004","2.024","2.063","2.0484","2.0694","2.0789","2.0189","2.1831","2.1174","2.1377","2.2319","2.1812","2.1212","2.1527","2.1761","2.2342","2.2561","2.3058","2.3519","2.3672","2.3925","2.3994","2.4167","2.4367","2.4965","2.5406","2.6252","2.7628","2.8148","3.0007","3.0861","3.1721","3.277","","","",
"Suecia","SWE","Médicos (por cada 1.000 personas)","SH.MED.PHYS.ZS","1","1","1","1","1.1","1.1","1.1","1.2","1.2","1.3","1.3","1.4","1.5","1.5","1.6","1.7","1.8","1.9","2","2","2.2","2.3","2.3","2.4","2.6","2.6","2.8","2.8","2.8","2.8","3.2458","3.3574","3.4608","3.5538","3.6485","2.8139","2.8326","2.8476","2.9136","2.9613","3.0232","3.122","3.2149","3.2865","3.3746","3.4518","3.5377","3.6209","3.6757","3.7446","3.8033","3.8821","3.9586","4.0365","4.1115","4.1899","4.2707","4.3338","4.4055","","","","",
"Eswatini","SWZ","Médicos (por cada 1.000 personas)","SH.MED.PHYS.ZS","0.104","","","","","","","","","","0.124","","","","","","","","","","","","","0.053","","","","","","","0.108","","","","","","0.151","","","","","0.1766","","0.1564","0.1666","","","","","0.1636","","0.1017","","","","","0.0961","0.1849","0.2447","","0.1422","","",
"Sint Maarten (Dutch part)","SXM","Médicos (por cada 1.000 personas)","SH.MED.PHYS.ZS","","","","","","","","","","","","","","","","","","","","","","","","","","","","","","","","","","","","","","","","","","","","","","","","","","","","","","","","","","","","","","","",
"Seychelles","SYC","Médicos (por cada 1.000 personas)","SH.MED.PHYS.ZS","0.312","","","","","","","","","","0.224","","","","","0.218","","","","","","","","0.407","","0.445","","","","","","","","1.027","","","1.324","","","","","","","","1.3844","1.1725","0.838","1.01","0.7735","1.1344","1.0953","1.1643","1.0043","","","","2.1212","","2.4717","2.2518","","","",
"República Árabe Siria","SYR","Médicos (por cada 1.000 personas)","SH.MED.PHYS.ZS","0.216","","","","","0.185","","","","","0.259","","","","","0.256","","","","","0.446","0.463","","","","","0.807","0.783","","0.863","0.835","","","","","","","1.2967","1.339","1.3359","1.3654","","1.4676","1.4053","1.4522","1.5384","","1.4882","1.4858","1.4113","1.4602","","","","1.5513","","1.2874","","","","","","",
"Islas Turcas y Caicos","TCA","Médicos (por cada 1.000 personas)","SH.MED.PHYS.ZS","","","","","","","","","","","","","","","","","","","","","","","","","","","","","","","","","","","","","","","","","","","","","","","","","","","","","","","","","","","","","","","",
"Chad","TCD","Médicos (por cada 1.000 personas)","SH.MED.PHYS.ZS","0.014","","","","","0.014","","","","","0.016","","","","","","","","0.021","","","","","","","","0.026","","","0.026","","","","","0.033","","","0.026","0.0201","0.0288","0.0281","","","","0.0354","","0.0352","","","","","","0.0413","0.0433","0.0445","0.0493","0.0371","0.0434","0.0519","0.0539","0.0611","","",
"Asia oriental y el Pacífico (BIRF y la AIF)","TEA","Médicos (por cada 1.000 personas)","SH.MED.PHYS.ZS","","","","","","","","","","","","","","","","","","","","","","","","","","","","","","","0.849370895729449","","","","","","","","","","1.11204084872483","","","","","","","","","","1.14849471063034","","","","","","","","1.76598380789631","","","","",
"Europa y Asia central (BIRF y la AIF)","TEC","Médicos (por cada 1.000 personas)","SH.MED.PHYS.ZS","","","","","","","","","","","","","","","","","","","","","","","","","","","","","","","3.34271007468121","","","","","","","","","","3.17422470456505","","","","","","","","","","3.38748057456928","","","","","","","","3.015230251691","","","","",
"Togo","TGO","Médicos (por cada 1.000 personas)","SH.MED.PHYS.ZS","0.021","","","","","0.043","","","","","0.035","","","","","0.035","","","","","0.055","0.049","","","0.117","","0.085","","","","","0.088","","","0.056","0.076","","","","","","0.057","","","0.0446","","","0.049","0.0574","","0.0506","","","","","0.0493","0.0462","0.0757","0.0774","0.0776","0.0827","","",
"Tailandia","THA","Médicos (por cada 1.000 personas)","SH.MED.PHYS.ZS","0.129","","","","","0.14","","","","","0.121","","","","","","","","","","0.147","","","","0.16","","0.182","","0.21","","0.225","0.2237","","0.2337","","0.2385","","0.2723","0.2915","0.2912","","0.2982","0.2964","","0.2911","","0.2875","0.2959","0.3164","0.3387","0.3906","","","","","0.4651","0.445","0.8075","0.805","0.9188","0.9499","","",
"Tayikistán","TJK","Médicos (por cada 1.000 personas)","SH.MED.PHYS.ZS","","","","","","","","","","","","","","","","","","","","","","","","","","2.527","2.556","2.582","","","2.5599","2.6219","2.3755","2.169","2.2253","2.0996","2.0446","1.9832","2.0823","2.1186","2.1717","2.1241","2.041","1.9396","1.9512","1.9548","1.9166","1.8962","1.9292","1.6439","1.6975","1.7209","1.7269","1.7095","1.7229","","","","","","","","",
"Turkmenistán","TKM","Médicos (por cada 1.000 personas)","SH.MED.PHYS.ZS","","","","","","","","","","","","","","","","","","","","","2.839","","","","","3.304","3.44","3.527","3.55","3.6","3.614","3.673","3.589","3.57","3.535","3.17","3.222","3.171","","","2.7475","2.7681","","2.6651","2.613","2.5038","2.3923","2.3414","2.3026","2.2911","2.2743","2.2841","2.2375","2.2125","2.2247","","","","","","","","",
"América Latina y el Caribe (BIRF y la AIF)","TLA","Médicos (por cada 1.000 personas)","SH.MED.PHYS.ZS","","","","","","","","","","","","","","","","","","","","","","","","","","","","","","","1.15337002004885","","","","","","","","","","1.52608030383025","","","","","","","","","","1.66808970295987","","","","","","","","2.26152376406729","","","","",
"Timor-Leste","TLS","Médicos (por cada 1.000 personas)","SH.MED.PHYS.ZS","","","","","","","","","","","","","","","","","","","","","","","","","","","","","","","","","","","","","","","","","","","","","0.082","","","0.034","0.037","0.044","0.079","0.078","","0.6174","0.6821","0.6946","","0.7504","0.7224","0.7687","0.7562","","",
"Oriente Medio y Norte de África (BIRF y la AIF)","TMN","Médicos (por cada 1.000 personas)","SH.MED.PHYS.ZS","","","","","","","","","","","","","","","","","","","","","","","","","","","","","","","0.574091096545076","","","","","","","","","","1.29518193547506","","","","","","","","","","","","","","","","","","1.17313780316142","","","","",
"Tonga","TON","Médicos (por cada 1.000 personas)","SH.MED.PHYS.ZS","0.375","","","","","","","","","","0.256","","","","","","","","","","0.362","0.602","0.6","","","","","","","0.492","","0.508","","","","","","0.44","","","0.499","0.3553","0.303","","","","","","0.5513","0.5967","0.5577","","","0.5403","","","","","","","0.9461","","",
"Asia meridional (BIRF y la AIF)","TSA","Médicos (por cada 1.000 personas)","SH.MED.PHYS.ZS","","","","","","","","","","","","","","","","","","","","","","","","","","","","","","","0.998491333836809","","","","","","","","","","","","","","","","","","","","","","","","","","","","0.773116142756449","","","","",
"África al sur del Sahara (BIRF y la AIF)","TSS","Médicos (por cada 1.000 personas)","SH.MED.PHYS.ZS","","","","","","","","","","","","","","","","","","","","","","","","","","","","","","","0.14460493130167","","","","","","","","","","0.125806000025986","","","","","","","","","","0.153449841861427","","","","","","","","0.233455706672868","","","","",
"Trinidad y Tobago","TTO","Médicos (por cada 1.000 personas)","SH.MED.PHYS.ZS","0.418","","","","","0.262","","","","","0.445","","","","","0.454","","","","","0.726","0.673","","","1.043","","","","","","0.72","0.732","","0.658","0.788","0.9432","0.761","0.7533","0.9392","0.9265","1.0062","0.9704","0.8252","0.8087","","","1.2222","1.1792","","1.5081","1.8086","1.8193","","","","2.6498","","3.3646","","4.476","","","",
"Túnez","TUN","Médicos (por cada 1.000 personas)","SH.MED.PHYS.ZS","0.1","","","","","0.125","","","","","0.169","","","","","0.169","","","","","0.271","0.275","","","","","0.461","","","","0.5367","0.5339","0.592","0.5977","0.5959","0.6537","0.6665","0.688","0.717","0.7436","0.7668","0.793","0.8068","0.8234","1.33","0.9322","","1.0242","1.1074","","1.222","","","","1.2769","1.3108","1.2834","1.3025","","","","","",
"Turquía","TUR","Médicos (por cada 1.000 personas)","SH.MED.PHYS.ZS","0.3","0.3","0.4","0.4","0.3","0.4","0.4","0.4","0.4","0.4","","","","","","","","","","","","","","","","","","","","","0.9391","0.9935","1.0222","1.0776","1.1436","1.1597","1.1631","1.1851","1.2243","1.2789","1.3479","1.399","1.4114","1.4294","1.4492","1.4852","1.5195","1.5579","1.6068","1.6635","1.7068","1.716","1.7384","1.7619","1.756","1.7988","1.8142","1.8492","1.8597","1.9275","","","",
"Tuvalu","TUV","Médicos (por cada 1.000 personas)","SH.MED.PHYS.ZS","","","","","","","","","","","","","","","","","","","","","","","","","","","","","","","","","","","","","","","","","","","0.625","1.0309","","","","","0.9709","1.1538","","","","","0.9091","","","","","","1.1864","","",
"Tanzanía","TZA","Médicos (por cada 1.000 personas)","SH.MED.PHYS.ZS","0.055","0.04","","","","0.045","","","","","0.044","","","","","0.044","","","","","","","","","0.039","0.035","","0.039","","","","","","","0.042","0.041","","","","","","","0.0233","","","","","","","","","","0.0315","","0.0603","","","","0.0512","","","","",
"Uganda","UGA","Médicos (por cada 1.000 personas)","SH.MED.PHYS.ZS","0.074","","","","","0.09","","","","","0.108","","","","","0.108","","","","","","0.047","0.046","","0.044","","","","","0.045","","","","0.04","","","","","","","","","0.047","","0.0824","0.1214","","","","","","","0.0975","","","0.0954","","0.168","0.4022","","0.1537","","",
"Ucrania","UKR","Médicos (por cada 1.000 personas)","SH.MED.PHYS.ZS","","","","","","","","","","","","","","","","","","","","","3.515","3.631","3.741","3.82","3.909","4.002","4.06","4.143","4.2","4.275","4.29","4.345","4.297","4.342","4.314","4.407","2.992","2.97","2.99","2.986","3.0295","3.0279","3.0188","3.0096","3.0161","3.0181","3.0838","3.0885","3.1177","3.4904","3.483","3.4842","3.491","3.4965","2.9923","","","","","","","","",
"Ingreso mediano alto","UMC","Médicos (por cada 1.000 personas)","SH.MED.PHYS.ZS","","","","","","","","","","","","","","","","","","","","","","","","","","","","","","","1.41315182336188","","","","","","","","","","1.58263966015666","","","","","","","","","","1.78231603062371","","","","","","","","2.30945475117385","","","","",
"Uruguay","URY","Médicos (por cada 1.000 personas)","SH.MED.PHYS.ZS","1.064","","","","","1.136","","","","","1.093","","","","","1.111","","","","","","1.997","","","1.926","1.947","","","","","3.68","","3.226","","","3.56","3.703","","","3.745","","","3.7234","","","","","","3.951","","","","","","","","3.9558","4.9398","","","","","",
"Estados Unidos","USA","Médicos (por cada 1.000 personas)","SH.MED.PHYS.ZS","1.1","","","","","1.2","","","","","1.2","","","","","1.3","1.3","1.3","1.4","1.4","1.5","1.5","1.6","1.6","","","1.7","1.8","1.8","1.8","1.8","1.9","1.9","1.9","","2.4385","","","","","2.5942","","","","2.7147","","","","","","","","","","","","","","2.61","","","","",
"Uzbekistán","UZB","Médicos (por cada 1.000 personas)","SH.MED.PHYS.ZS","","","","","","","","","","","","","","","","","","","","","2.669","","","","","2.694","3.255","3.319","","","3.3911","3.3804","3.3741","3.3447","3.3144","3.2558","3.1575","3.1047","3.0747","","2.9628","2.909","2.8456","2.7816","2.721","2.6701","2.6515","2.6329","2.6048","2.5706","2.5432","2.5036","2.4451","2.4044","2.3742","","","","","","","","",
"San Vicente y las Granadinas","VCT","Médicos (por cada 1.000 personas)","SH.MED.PHYS.ZS","0.1","","","","","","","","","","0.182","","","","","","","","","","","","","","0.266","","","","","","0.46","0.135","","","","0.46","","0.9361","","","0.8256","0.5746","","","0.9309","","","","","","0.6648","","0.941","","","","","","","","","","",
"Venezuela","VEN","Médicos (por cada 1.000 personas)","SH.MED.PHYS.ZS","0.666","","","","","0.815","","","","","0.883","","","","0.904","0.904","0.904","","","","0.83","0.996","0.833","","1.436","1.196","1.399","1.401","1.6","1.695","1.564","","","","","1.94","","","","","","1.9475","","","","","","","","","","","","","","","","1.73","","","","","",
"Islas Vírgenes Británicas","VGB","Médicos (por cada 1.000 personas)","SH.MED.PHYS.ZS","","","","","","","","","","","","","","","","","","","","","","","","","","","","","","","","","","","","","","","","","","","","","","","","","","","","","","","","","","","","","","","",
"Islas Vírgenes (EE.UU.)","VIR","Médicos (por cada 1.000 personas)","SH.MED.PHYS.ZS","","","","","","","","","","","","","","","","","","","","","","","","","","","","","","","1.65","","","","","1.645","","","","","","","","","","","","","","","","","","","","","","","","","","","",
"Viet Nam","VNM","Médicos (por cada 1.000 personas)","SH.MED.PHYS.ZS","","","","","","","","","","","","","","","","","","","","","0.241","0.247","","","","","1.056","","","0.391","0.404","0.407","0.437","","","","","0.569","0.48","0.515","","0.5242","0.5514","","","0.6139","0.6239","0.6415","0.6648","0.6982","0.71","","0.8209","","0.783","0.7963","0.8281","","","","","","",
"Vanuatu","VUT","Médicos (por cada 1.000 personas)","SH.MED.PHYS.ZS","0.277","","","","","","","","","","0.301","","","","","","","","","","0.191","0.189","","","","","0.204","","","0.125","","0.099","","","","","","0.1144","","","","","","","0.147","","","0.1185","0.1157","","","","0.1844","","","","0.1653","","","","","","",
"Mundo","WLD","Médicos (por cada 1.000 personas)","SH.MED.PHYS.ZS","","","","","","","","","","","","","","","","","","","","","","","","","","","","","","","1.30369712692463","","","","","","","","","","1.53320279693598","","","","","","","","","","1.49067093623712","","","","","","","","1.61457696138659","","","","",
"Samoa","WSM","Médicos (por cada 1.000 personas)","SH.MED.PHYS.ZS","0.441","","","","","","","","","","0.35","","","","","","","","","","0.361","0.404","","","","","0.28","","","0.207","","","0.365","","","","0.344","","0.33","0.6912","","","","0.2817","","0.2782","","","0.4637","","0.3443","","","0.4824","","","0.3445","","","","0.5998","","",
"Kosovo","XKX","Médicos (por cada 1.000 personas)","SH.MED.PHYS.ZS","","","","","","","","","","","","","","","","","","","","","","","","","","","","","","","","","","","","","","","","","","","","","","","","","","","","","","","","","","","","","","","",
"Yemen, Rep. del","YEM","Médicos (por cada 1.000 personas)","SH.MED.PHYS.ZS","0.023","","","","","0.032","","","","","0.029","","","","","","","","","","","0.145","","","","0.171","","","","","0.007","","","","","0.247","0.23","0.2387","","","","","","","0.3449","","","","0.3156","0.3165","","","","","0.5251","","","","","","","","",
"Sudáfrica","ZAF","Médicos (por cada 1.000 personas)","SH.MED.PHYS.ZS","","","","","","0.488","","","","","","","","","","0.539","","","0.551","","","","","","","","","0.613","","","","","0.624","","","","0.593","","","","","","","","0.7365","","","","","","","","","","","","0.7675","0.7833","0.7527","0.7923","","","",
"Zambia","ZMB","Médicos (por cada 1.000 personas)","SH.MED.PHYS.ZS","0.107","","","","","0.088","","","","","0.073","","","","","0.074","","","","","0.076","0.126","","0.14","","0.141","","","","","0.092","","","","","0.069","","","","","","","","","0.1298","0.0545","0.0533","","0.0619","0.0606","0.0614","","","","","","0.0925","","0.1168","","","","",
"Zimbabwe","ZWE","Médicos (por cada 1.000 personas)","SH.MED.PHYS.ZS","0.202","","","","","0.125","","","","","0.162","","","","","0.158","","","","","0.161","0.139","","","","","","0.135","","","0.1265","","","","","0.1428","","","","","0.1262","","","","0.1735","0.1255","","0.0544","0.0596","0.121","0.1272","0.0817","0.0807","0.0834","0.124","0.1815","0.1788","0.1859","0.2096","","0.199","","",
